CVE,Rank,Score,Old CWE
CVE-2009-0152,"['CWE-94', 'CWE-287', 'CWE-119', 'CWE-89', 'CWE-22', 'CWE-77', 'CWE-78', 'CWE-59', 'CWE-306', 'CWE-20']","[-3.234381  -3.288382  -3.3977644 -3.4549692 -3.5676827 -3.6619065
 -3.694579  -3.7023935 -3.7058887 -3.74291  ]",CWE-16
CVE-2009-1596,"['CWE-287', 'CWE-89', 'CWE-22', 'CWE-522', 'CWE-94', 'CWE-78', 'CWE-77', 'CWE-306', 'CWE-79', 'CWE-352']","[-2.6667345 -2.9442084 -2.954629  -3.0188265 -3.0590591 -3.087462
 -3.099974  -3.1382136 -3.1810536 -3.2231882]",CWE-16
CVE-2009-1721,"['CWE-287', 'CWE-94', 'CWE-77', 'CWE-120', 'CWE-22', 'CWE-306', 'CWE-78', 'CWE-522', 'CWE-59', 'CWE-89']","[-2.8477502 -2.9759734 -3.0959992 -3.137507  -3.1623986 -3.1665418
 -3.1690297 -3.1709468 -3.18396   -3.2007267]",CWE-16
CVE-2009-2213,"['CWE-306', 'CWE-522', 'CWE-94', 'CWE-78', 'CWE-59', 'CWE-120', 'CWE-287', 'CWE-77', 'CWE-22', 'CWE-89']","[-2.5248792 -2.6591    -2.731173  -2.7598257 -2.7666225 -2.820201
 -2.838595  -2.85187   -2.86387   -2.915644 ]",CWE-16
CVE-2009-3489,"['CWE-287', 'CWE-94', 'CWE-22', 'CWE-89', 'CWE-78', 'CWE-522', 'CWE-77', 'CWE-306', 'CWE-59', 'CWE-352']","[-2.6183302 -2.852338  -2.8935966 -3.080244  -3.0928748 -3.1494207
 -3.1832075 -3.1861675 -3.2481008 -3.3867931]",CWE-16
CVE-2014-3394,"['CWE-287', 'CWE-94', 'CWE-89', 'CWE-306', 'CWE-78', 'CWE-77', 'CWE-22', 'CWE-522', 'CWE-59', 'CWE-20']","[-2.8418167 -2.901237  -2.997475  -3.0616078 -3.1162333 -3.1425319
 -3.146434  -3.2704513 -3.3018765 -3.3237727]",CWE-16
CVE-2020-16247,"['CWE-287', 'CWE-22', 'CWE-522', 'CWE-94', 'CWE-77', 'CWE-89', 'CWE-59', 'CWE-78', 'CWE-306', 'CWE-352']","[-2.789014  -2.9450479 -2.9945307 -3.0302782 -3.1279807 -3.133462
 -3.163563  -3.1857214 -3.2038558 -3.274292 ]",CWE-16
CVE-2002-0083,"['CWE-20', 'CWE-190', 'CWE-369', 'CWE-191', 'CWE-704', 'CWE-193', 'CWE-682', 'CWE-681', 'CWE-697']","[-4.9641843 -5.064662  -6.017753  -6.636962  -6.6556334 -6.751208
 -6.863258  -7.213101  -7.649283 ]",CWE-189
CVE-2003-1564,"['CWE-190', 'CWE-20', 'CWE-191', 'CWE-369', 'CWE-704', 'CWE-193', 'CWE-682', 'CWE-681', 'CWE-697']","[-3.475245  -3.5389223 -4.7491403 -4.7846785 -4.836929  -5.0835223
 -5.2953815 -5.3652325 -5.641264 ]",CWE-189
CVE-2005-2976,"['CWE-20', 'CWE-190', 'CWE-191', 'CWE-369', 'CWE-704', 'CWE-193', 'CWE-682', 'CWE-681', 'CWE-697']","[-3.4017775 -3.5362103 -4.866044  -4.914666  -4.99318   -5.2966924
 -5.3683305 -5.5557275 -5.6404977]",CWE-189
CVE-2006-4519,"['CWE-20', 'CWE-190', 'CWE-369', 'CWE-704', 'CWE-191', 'CWE-193', 'CWE-681', 'CWE-682', 'CWE-697']","[-2.888172  -3.0821874 -4.26433   -4.310539  -4.460943  -4.777843
 -4.981786  -5.017815  -5.262797 ]",CWE-189
CVE-2007-2052,"['CWE-20', 'CWE-190', 'CWE-369', 'CWE-704', 'CWE-191', 'CWE-193', 'CWE-681', 'CWE-682', 'CWE-697']","[-2.9375002 -3.1563046 -4.3436804 -4.3667135 -4.6392117 -4.92531
 -5.0654283 -5.0779147 -5.3024983]",CWE-189
CVE-2007-2834,"['CWE-190', 'CWE-20', 'CWE-369', 'CWE-191', 'CWE-704', 'CWE-193', 'CWE-682', 'CWE-681', 'CWE-697']","[-4.1655216 -4.3540916 -5.4279046 -5.621675  -5.758824  -5.805294
 -6.09392   -6.330864  -6.792992 ]",CWE-189
CVE-2007-3798,"['CWE-20', 'CWE-190', 'CWE-369', 'CWE-704', 'CWE-191', 'CWE-681', 'CWE-682', 'CWE-193', 'CWE-697']","[-3.1951895 -3.2561848 -4.1651125 -4.2219896 -4.250937  -4.804618
 -4.8322887 -4.8515496 -5.1367583]",CWE-189
CVE-2007-4268,"['CWE-20', 'CWE-190', 'CWE-369', 'CWE-704', 'CWE-191', 'CWE-193', 'CWE-682', 'CWE-681', 'CWE-697']","[-3.4113421 -3.7971714 -4.796163  -4.80791   -4.813099  -5.213979
 -5.307083  -5.322893  -5.3899064]",CWE-189
CVE-2007-4965,"['CWE-20', 'CWE-190', 'CWE-369', 'CWE-704', 'CWE-191', 'CWE-193', 'CWE-682', 'CWE-681', 'CWE-697']","[-2.8575892 -3.1045556 -4.363638  -4.389912  -4.565097  -4.902199
 -5.0493298 -5.0647135 -5.1977615]",CWE-189
CVE-2007-4988,"['CWE-20', 'CWE-190', 'CWE-704', 'CWE-369', 'CWE-191', 'CWE-682', 'CWE-193', 'CWE-681', 'CWE-697']","[-3.087954  -3.3189785 -4.235999  -4.335344  -4.541977  -4.7908006
 -4.847452  -4.9056573 -5.199341 ]",CWE-189
CVE-2007-6353,"['CWE-20', 'CWE-190', 'CWE-369', 'CWE-704', 'CWE-191', 'CWE-682', 'CWE-681', 'CWE-193', 'CWE-697']","[-3.1851509 -3.2286744 -4.1997128 -4.293076  -4.334392  -4.776396
 -4.8591595 -4.863553  -5.173285 ]",CWE-189
CVE-2008-0062,"['CWE-20', 'CWE-190', 'CWE-369', 'CWE-704', 'CWE-191', 'CWE-193', 'CWE-681', 'CWE-682', 'CWE-697']","[-2.9379368 -3.0851884 -4.358771  -4.3939614 -4.5836124 -4.8860426
 -5.0914307 -5.1210327 -5.2904787]",CWE-189
CVE-2008-1679,"['CWE-20', 'CWE-190', 'CWE-369', 'CWE-704', 'CWE-191', 'CWE-193', 'CWE-682', 'CWE-681', 'CWE-697']","[-2.8779762 -3.158521  -4.349303  -4.3905916 -4.6009855 -4.898504
 -5.0581126 -5.0736103 -5.2599597]",CWE-189
CVE-2008-1721,"['CWE-20', 'CWE-190', 'CWE-704', 'CWE-369', 'CWE-191', 'CWE-193', 'CWE-681', 'CWE-682', 'CWE-697']","[-2.9842749 -3.108231  -4.4285026 -4.432541  -4.6900806 -4.9961247
 -5.118462  -5.155328  -5.3399143]",CWE-189
CVE-2008-2108,"['CWE-20', 'CWE-190', 'CWE-191', 'CWE-369', 'CWE-704', 'CWE-193', 'CWE-682', 'CWE-681', 'CWE-697']","[-3.279281  -3.6464424 -4.7702703 -4.8135524 -4.837709  -5.308185
 -5.3213186 -5.428748  -5.5636177]",CWE-189
CVE-2008-2315,"['CWE-20', 'CWE-190', 'CWE-369', 'CWE-704', 'CWE-191', 'CWE-193', 'CWE-682', 'CWE-681', 'CWE-697']","[-2.9056177 -3.1402695 -4.3852835 -4.3978057 -4.6425204 -4.967407
 -5.128497  -5.1295085 -5.3263087]",CWE-189
CVE-2008-3143,"['CWE-20', 'CWE-190', 'CWE-704', 'CWE-369', 'CWE-191', 'CWE-193', 'CWE-681', 'CWE-682', 'CWE-697']","[-2.8974686 -3.127428  -4.3600926 -4.3857007 -4.5631804 -4.906909
 -5.065643  -5.0990186 -5.2416825]",CWE-189
CVE-2008-3144,"['CWE-20', 'CWE-190', 'CWE-369', 'CWE-704', 'CWE-191', 'CWE-193', 'CWE-681', 'CWE-682', 'CWE-697']","[-2.8445632 -3.0609956 -4.346886  -4.35921   -4.5236435 -4.8699756
 -5.0134425 -5.0555086 -5.155975 ]",CWE-189
CVE-2008-3282,"['CWE-20', 'CWE-190', 'CWE-369', 'CWE-704', 'CWE-191', 'CWE-193', 'CWE-682', 'CWE-681', 'CWE-697']","[-2.944494  -3.0941944 -4.401616  -4.4176545 -4.5770917 -4.9097753
 -5.140195  -5.153549  -5.325858 ]",CWE-189
CVE-2008-3612,"['CWE-20', 'CWE-190', 'CWE-369', 'CWE-191', 'CWE-704', 'CWE-193', 'CWE-682', 'CWE-697', 'CWE-681']","[-3.519856  -3.6844106 -5.110389  -5.1550426 -5.290011  -5.531171
 -5.6155577 -5.7889943 -5.8952746]",CWE-189
CVE-2008-4019,"['CWE-20', 'CWE-190', 'CWE-191', 'CWE-369', 'CWE-704', 'CWE-193', 'CWE-682', 'CWE-681', 'CWE-697']","[-3.278959  -3.7285147 -4.929747  -4.9520526 -5.0626945 -5.362782
 -5.3933463 -5.6016965 -5.7107143]",CWE-189
CVE-2008-4864,"['CWE-20', 'CWE-190', 'CWE-369', 'CWE-704', 'CWE-191', 'CWE-193', 'CWE-682', 'CWE-681', 'CWE-697']","[-2.8476648 -3.039571  -4.33688   -4.3371778 -4.522143  -4.8491325
 -5.0054946 -5.0254602 -5.230619 ]",CWE-189
CVE-2009-0586,"['CWE-20', 'CWE-190', 'CWE-704', 'CWE-369', 'CWE-191', 'CWE-193', 'CWE-682', 'CWE-681', 'CWE-697']","[-2.8985121 -3.0795488 -4.367667  -4.413355  -4.6114273 -4.9396706
 -5.092425  -5.1305113 -5.29889  ]",CWE-189
CVE-2009-0723,"['CWE-20', 'CWE-190', 'CWE-704', 'CWE-369', 'CWE-191', 'CWE-193', 'CWE-682', 'CWE-681', 'CWE-697']","[-2.908535  -3.0992477 -4.3588977 -4.4060855 -4.5705323 -4.9140635
 -5.0638046 -5.074215  -5.2037706]",CWE-189
CVE-2009-1217,"['CWE-20', 'CWE-190', 'CWE-369', 'CWE-704', 'CWE-191', 'CWE-193', 'CWE-681', 'CWE-682', 'CWE-697']","[-2.999712  -3.074777  -4.3685436 -4.4349136 -4.5552917 -4.8469753
 -5.112066  -5.1348896 -5.362896 ]",CWE-189
CVE-2009-1570,"['CWE-20', 'CWE-190', 'CWE-191', 'CWE-369', 'CWE-704', 'CWE-193', 'CWE-682', 'CWE-681', 'CWE-697']","[-3.3561306 -3.426683  -4.504211  -4.507378  -4.5458484 -4.99247
 -5.065547  -5.127103  -5.304438 ]",CWE-189
CVE-2009-1887,"['CWE-20', 'CWE-190', 'CWE-369', 'CWE-704', 'CWE-191', 'CWE-193', 'CWE-681', 'CWE-682', 'CWE-697']","[-2.9200985 -3.0859387 -4.328633  -4.3768773 -4.553352  -4.8906603
 -5.0754166 -5.086071  -5.234825 ]",CWE-189
CVE-2009-1890,"['CWE-20', 'CWE-190', 'CWE-191', 'CWE-369', 'CWE-704', 'CWE-193', 'CWE-682', 'CWE-681', 'CWE-697']","[-3.4186566 -3.7771146 -4.851299  -5.029445  -5.0367904 -5.4036674
 -5.483904  -5.606524  -5.768111 ]",CWE-189
CVE-2009-2949,"['CWE-20', 'CWE-190', 'CWE-704', 'CWE-369', 'CWE-191', 'CWE-682', 'CWE-193', 'CWE-681', 'CWE-697']","[-3.347069  -3.3782933 -4.5284524 -4.5510683 -4.598734  -4.989568
 -5.0223446 -5.167555  -5.3578796]",CWE-189
CVE-2009-3301,"['CWE-190', 'CWE-20', 'CWE-369', 'CWE-191', 'CWE-704', 'CWE-193', 'CWE-682', 'CWE-681', 'CWE-697']","[-3.4344983 -3.6497097 -4.699885  -4.8175044 -4.901858  -5.0579643
 -5.2551084 -5.4735804 -5.822215 ]",CWE-189
CVE-2009-3909,"['CWE-20', 'CWE-190', 'CWE-191', 'CWE-369', 'CWE-704', 'CWE-193', 'CWE-682', 'CWE-681', 'CWE-697']","[-3.3364928 -3.483813  -4.4869742 -4.5581746 -4.5597377 -5.009174
 -5.094156  -5.1751776 -5.364613 ]",CWE-189
CVE-2010-0128,"['CWE-20', 'CWE-190', 'CWE-369', 'CWE-704', 'CWE-191', 'CWE-193', 'CWE-682', 'CWE-681', 'CWE-697']","[-3.1943703 -3.284848  -4.7169843 -4.759321  -4.776923  -5.1100907
 -5.1674213 -5.365766  -5.4719496]",CWE-189
CVE-2010-0129,"['CWE-20', 'CWE-190', 'CWE-704', 'CWE-369', 'CWE-191', 'CWE-193', 'CWE-681', 'CWE-682', 'CWE-697']","[-2.826395  -3.1213431 -4.4007835 -4.402469  -4.5659456 -4.917029
 -5.053575  -5.0811515 -5.2004128]",CWE-189
CVE-2010-0130,"['CWE-20', 'CWE-190', 'CWE-704', 'CWE-369', 'CWE-191', 'CWE-193', 'CWE-681', 'CWE-682', 'CWE-697']","[-2.9283116 -3.1054256 -4.325954  -4.3731046 -4.5910106 -4.925935
 -5.0818615 -5.092105  -5.2866364]",CWE-189
CVE-2010-1634,"['CWE-20', 'CWE-190', 'CWE-191', 'CWE-704', 'CWE-369', 'CWE-193', 'CWE-682', 'CWE-681', 'CWE-697']","[-3.4137692 -3.4148724 -4.486334  -4.511043  -4.6095257 -5.001032
 -5.0124197 -5.125738  -5.2639713]",CWE-189
CVE-2010-1866,"['CWE-20', 'CWE-190', 'CWE-191', 'CWE-369', 'CWE-704', 'CWE-193', 'CWE-682', 'CWE-681', 'CWE-697']","[-3.334368  -3.7696185 -4.810618  -4.8686166 -4.9094453 -5.3632717
 -5.3700147 -5.4656973 -5.574909 ]",CWE-189
CVE-2010-2753,"['CWE-190', 'CWE-20', 'CWE-191', 'CWE-369', 'CWE-704', 'CWE-193', 'CWE-682', 'CWE-681', 'CWE-697']","[-3.9007435 -3.969638  -5.302345  -5.3702683 -5.46452   -5.5314145
 -5.845333  -6.0328865 -6.178273 ]",CWE-189
CVE-2010-3454,"['CWE-190', 'CWE-20', 'CWE-369', 'CWE-191', 'CWE-704', 'CWE-193', 'CWE-682', 'CWE-681', 'CWE-697']","[-3.4032135 -3.5947754 -4.7011075 -4.8030643 -4.8983455 -5.0400543
 -5.2444015 -5.4298186 -5.793894 ]",CWE-189
CVE-2011-1027,"['CWE-20', 'CWE-190', 'CWE-369', 'CWE-191', 'CWE-704', 'CWE-193', 'CWE-682', 'CWE-697', 'CWE-681']","[-3.183081  -3.254408  -4.582625  -4.6127906 -4.711915  -4.96446
 -5.136776  -5.251764  -5.2628703]",CWE-189
CVE-2011-1178,"['CWE-20', 'CWE-190', 'CWE-369', 'CWE-191', 'CWE-704', 'CWE-193', 'CWE-682', 'CWE-681', 'CWE-697']","[-3.446056  -3.6055584 -4.5859303 -4.6325946 -4.7013826 -5.1122127
 -5.127008  -5.294971  -5.4739356]",CWE-189
CVE-2011-1823,"['CWE-20', 'CWE-190', 'CWE-704', 'CWE-191', 'CWE-369', 'CWE-681', 'CWE-193', 'CWE-682', 'CWE-697']","[-3.0405314 -3.4410186 -4.442184  -4.460561  -4.636733  -5.0054054
 -5.132507  -5.156485  -5.166921 ]",CWE-189
CVE-2012-3481,"['CWE-20', 'CWE-190', 'CWE-191', 'CWE-704', 'CWE-369', 'CWE-193', 'CWE-682', 'CWE-681', 'CWE-697']","[-3.2970247 -3.4567518 -4.536572  -4.55448   -4.5562024 -4.994698
 -5.0307426 -5.116311  -5.312365 ]",CWE-189
CVE-2012-5054,"['CWE-20', 'CWE-190', 'CWE-191', 'CWE-704', 'CWE-369', 'CWE-682', 'CWE-193', 'CWE-681', 'CWE-697']","[-3.334753  -3.5543222 -4.4969096 -4.554505  -4.5550923 -5.0435863
 -5.0567493 -5.2006383 -5.2757173]",CWE-189
CVE-2013-0891,"['CWE-190', 'CWE-20', 'CWE-191', 'CWE-704', 'CWE-369', 'CWE-193', 'CWE-682', 'CWE-681', 'CWE-697']","[-3.2378037 -3.5288863 -4.75561   -4.808967  -4.8162494 -5.044781
 -5.2623386 -5.3556376 -5.713952 ]",CWE-189
CVE-2013-0897,"['CWE-190', 'CWE-20', 'CWE-191', 'CWE-369', 'CWE-704', 'CWE-193', 'CWE-682', 'CWE-681', 'CWE-697']","[-3.277936  -3.6046112 -4.736446  -4.7760544 -4.784366  -5.0148115
 -5.256192  -5.44833   -5.7689133]",CWE-189
CVE-2013-0899,"['CWE-190', 'CWE-20', 'CWE-369', 'CWE-704', 'CWE-191', 'CWE-193', 'CWE-682', 'CWE-681', 'CWE-697']","[-3.2364182 -3.5628386 -4.742614  -4.762169  -4.762415  -5.0190806
 -5.252258  -5.3862267 -5.7204957]",CWE-189
CVE-2013-1591,"['CWE-190', 'CWE-20', 'CWE-369', 'CWE-191', 'CWE-704', 'CWE-193', 'CWE-682', 'CWE-681', 'CWE-697']","[-3.4488995 -3.6929896 -4.8121686 -4.9845405 -5.070166  -5.200843
 -5.3422275 -5.5838985 -5.895742 ]",CWE-189
CVE-2013-1913,"['CWE-190', 'CWE-20', 'CWE-191', 'CWE-369', 'CWE-704', 'CWE-193', 'CWE-682', 'CWE-681', 'CWE-697']","[-3.2410812 -3.6432023 -4.7099104 -4.7108216 -4.803693  -4.972723
 -5.2167487 -5.366809  -5.794158 ]",CWE-189
CVE-2013-2596,"['CWE-20', 'CWE-190', 'CWE-369', 'CWE-704', 'CWE-191', 'CWE-193', 'CWE-681', 'CWE-682', 'CWE-697']","[-2.8195193 -3.1004012 -4.3334746 -4.365302  -4.576977  -4.895993
 -5.052698  -5.071211  -5.2235785]",CWE-189
CVE-2013-2729,"['CWE-20', 'CWE-190', 'CWE-704', 'CWE-369', 'CWE-191', 'CWE-682', 'CWE-193', 'CWE-681', 'CWE-697']","[-3.5181198 -3.881121  -4.5655637 -4.5844707 -4.7723603 -5.1002407
 -5.3072557 -5.405488  -5.4514694]",CWE-189
CVE-2013-6424,"['CWE-190', 'CWE-20', 'CWE-191', 'CWE-704', 'CWE-369', 'CWE-193', 'CWE-682', 'CWE-681', 'CWE-697']","[-3.2275505 -3.4002025 -4.5240064 -4.559575  -4.643002  -4.8842535
 -5.0255136 -5.1427226 -5.396616 ]",CWE-189
CVE-2013-7437,"['CWE-20', 'CWE-190', 'CWE-369', 'CWE-191', 'CWE-704', 'CWE-193', 'CWE-682', 'CWE-681', 'CWE-697']","[-3.0364513 -3.163015  -4.5496125 -4.64563   -4.66618   -4.9908886
 -5.2056656 -5.2692266 -5.3779306]",CWE-189
CVE-2014-0497,"['CWE-20', 'CWE-190', 'CWE-369', 'CWE-704', 'CWE-191', 'CWE-193', 'CWE-682', 'CWE-681', 'CWE-697']","[-2.8451512 -3.1043499 -4.328531  -4.331208  -4.551695  -4.8640676
 -5.0091915 -5.028342  -5.2181263]",CWE-189
CVE-2014-1736,"['CWE-20', 'CWE-190', 'CWE-369', 'CWE-704', 'CWE-191', 'CWE-193', 'CWE-681', 'CWE-682', 'CWE-697']","[-2.8799994 -3.0966806 -4.424866  -4.479799  -4.601947  -4.9467325
 -5.1484222 -5.1704693 -5.246938 ]",CWE-189
CVE-2015-0537,"['CWE-190', 'CWE-20', 'CWE-369', 'CWE-191', 'CWE-704', 'CWE-193', 'CWE-682', 'CWE-681', 'CWE-697']","[-3.4778297 -3.518391  -4.678753  -4.738693  -4.8334265 -5.1686516
 -5.2562084 -5.430848  -5.439626 ]",CWE-189
CVE-2015-1283,"['CWE-190', 'CWE-20', 'CWE-191', 'CWE-369', 'CWE-704', 'CWE-193', 'CWE-682', 'CWE-681', 'CWE-697']","[-3.3850467 -3.4495726 -4.6399293 -4.7125273 -4.7480593 -4.9762106
 -5.125905  -5.2136836 -5.3974223]",CWE-189
CVE-2015-2305,"['CWE-190', 'CWE-20', 'CWE-369', 'CWE-191', 'CWE-704', 'CWE-193', 'CWE-682', 'CWE-681', 'CWE-697']","[-3.4132023 -3.7946098 -4.8140798 -5.053799  -5.0583725 -5.1541047
 -5.4051647 -5.6688466 -6.002004 ]",CWE-189
CVE-2015-5212,"['CWE-190', 'CWE-20', 'CWE-369', 'CWE-191', 'CWE-704', 'CWE-193', 'CWE-682', 'CWE-681', 'CWE-697']","[-3.478316  -3.8137817 -4.744757  -5.0013013 -5.013017  -5.042596
 -5.378038  -5.594751  -5.9840317]",CWE-189
CVE-2015-8080,"['CWE-190', 'CWE-20', 'CWE-369', 'CWE-191', 'CWE-704', 'CWE-193', 'CWE-682', 'CWE-681', 'CWE-697']","[-3.240409  -3.6356905 -4.6828856 -4.7590137 -4.8784056 -4.964524
 -5.2290716 -5.4441586 -5.7992563]",CWE-189
CVE-2015-8387,"['CWE-190', 'CWE-20', 'CWE-369', 'CWE-191', 'CWE-704', 'CWE-193', 'CWE-682', 'CWE-681', 'CWE-697']","[-3.398319  -3.5010755 -4.53669   -4.6822734 -4.7954245 -4.9267683
 -5.1073565 -5.308485  -5.6769257]",CWE-189
CVE-2015-8394,"['CWE-20', 'CWE-190', 'CWE-369', 'CWE-704', 'CWE-191', 'CWE-193', 'CWE-682', 'CWE-681', 'CWE-697']","[-3.4066484 -3.4829392 -4.586981  -4.5977936 -4.608284  -5.005777
 -5.088961  -5.231388  -5.4729342]",CWE-189
CVE-2015-8651,"['CWE-20', 'CWE-190', 'CWE-369', 'CWE-704', 'CWE-191', 'CWE-193', 'CWE-681', 'CWE-682', 'CWE-697']","[-2.8657675 -3.0602043 -4.3196397 -4.3918467 -4.5444746 -4.8960314
 -5.0436306 -5.0701685 -5.1858606]",CWE-189
CVE-2016-0963,"['CWE-20', 'CWE-190', 'CWE-369', 'CWE-704', 'CWE-191', 'CWE-193', 'CWE-681', 'CWE-682', 'CWE-697']","[-2.8411171 -3.1008382 -4.3577585 -4.415438  -4.5223665 -4.873078
 -5.0338254 -5.05872   -5.1103263]",CWE-189
CVE-2016-0993,"['CWE-20', 'CWE-190', 'CWE-704', 'CWE-369', 'CWE-191', 'CWE-193', 'CWE-682', 'CWE-681', 'CWE-697']","[-2.9846096 -3.1082983 -4.442328  -4.4618893 -4.644303  -4.987887
 -5.1619754 -5.1932282 -5.4230056]",CWE-189
CVE-2016-1010,"['CWE-20', 'CWE-190', 'CWE-369', 'CWE-704', 'CWE-191', 'CWE-193', 'CWE-681', 'CWE-682', 'CWE-697']","[-2.8613558 -3.0585706 -4.3108196 -4.3198886 -4.5587726 -4.8577185
 -5.0195866 -5.0515623 -5.278774 ]",CWE-189
CVE-2016-2105,"['CWE-190', 'CWE-20', 'CWE-369', 'CWE-193', 'CWE-704', 'CWE-191', 'CWE-682', 'CWE-681', 'CWE-697']","[-4.268738  -4.67413   -5.2843776 -5.8085876 -5.856765  -6.0337315
 -6.1025567 -6.4114156 -7.012085 ]",CWE-189
CVE-2016-3074,"['CWE-190', 'CWE-20', 'CWE-369', 'CWE-191', 'CWE-704', 'CWE-193', 'CWE-682', 'CWE-681', 'CWE-697']","[-3.288941  -3.5806234 -4.5862856 -4.687698  -4.8111224 -4.9711337
 -5.195001  -5.3745713 -5.7959304]",CWE-189
CVE-2016-4344,"['CWE-20', 'CWE-190', 'CWE-191', 'CWE-369', 'CWE-704', 'CWE-193', 'CWE-682', 'CWE-681', 'CWE-697']","[-3.2419808 -3.6668017 -4.7290325 -4.7922864 -4.839077  -5.2882137
 -5.335175  -5.395164  -5.5414467]",CWE-189
CVE-2016-4345,"['CWE-20', 'CWE-190', 'CWE-191', 'CWE-704', 'CWE-369', 'CWE-682', 'CWE-193', 'CWE-681', 'CWE-697']","[-3.2281547 -3.6531317 -4.787419  -4.792356  -4.819614  -5.326089
 -5.327157  -5.4481764 -5.596367 ]",CWE-189
CVE-2016-4346,"['CWE-20', 'CWE-190', 'CWE-369', 'CWE-191', 'CWE-704', 'CWE-193', 'CWE-682', 'CWE-681', 'CWE-697']","[-3.4356744 -3.625199  -4.769623  -4.946065  -5.075031  -5.232947
 -5.4184055 -5.5438128 -5.8199887]",CWE-189
CVE-2015-1770,"['CWE-20', 'CWE-119', 'CWE-400', 'CWE-77', 'CWE-74', 'CWE-834', 'CWE-611', 'CWE-601', 'CWE-674', 'CWE-668']","[-3.1810787 -3.4255748 -3.5257683 -4.099819  -4.1676497 -4.189204
 -4.2536364 -4.265694  -4.411725  -4.4779124]",CWE-19
CVE-2006-6994,"['CWE-200', 'CWE-287', 'CWE-269', 'CWE-863', 'CWE-295', 'CWE-862', 'CWE-522', 'CWE-732', 'CWE-306', 'CWE-276']","[-3.3155723 -3.5318558 -3.6351075 -3.7180417 -3.7892075 -3.8681536
 -3.8847194 -4.0070705 -4.0422645 -4.1083946]",CWE-254
CVE-2015-7378,"['CWE-200', 'CWE-863', 'CWE-862', 'CWE-269', 'CWE-287', 'CWE-306', 'CWE-295', 'CWE-522', 'CWE-276', 'CWE-732']","[-3.0511606 -3.2814198 -3.379149  -3.4458652 -3.4623692 -3.6404521
 -3.64077   -3.6431496 -3.6879213 -3.7308092]",CWE-254
CVE-2016-0821,"['CWE-200', 'CWE-287', 'CWE-862', 'CWE-863', 'CWE-269', 'CWE-306', 'CWE-276', 'CWE-522', 'CWE-732', 'CWE-295']","[-3.0712905 -3.5013683 -3.5070705 -3.559843  -3.749974  -3.9275365
 -3.9494574 -3.9961152 -3.997406  -4.066568 ]",CWE-254
CVE-2016-1908,"['CWE-200', 'CWE-287', 'CWE-863', 'CWE-269', 'CWE-295', 'CWE-862', 'CWE-522', 'CWE-732', 'CWE-306', 'CWE-276']","[-3.5425844 -3.696963  -3.739581  -3.8154671 -3.8536508 -4.000882
 -4.0310674 -4.161455  -4.1634536 -4.2446165]",CWE-254
CVE-2016-3943,"['CWE-200', 'CWE-863', 'CWE-862', 'CWE-287', 'CWE-269', 'CWE-295', 'CWE-306', 'CWE-522', 'CWE-276', 'CWE-732']","[-3.0556176 -3.2691693 -3.3359418 -3.4798079 -3.4975193 -3.5882795
 -3.666358  -3.7105513 -3.7183707 -3.7208052]",CWE-254
CVE-2016-8212,"['CWE-200', 'CWE-863', 'CWE-287', 'CWE-269', 'CWE-522', 'CWE-295', 'CWE-862', 'CWE-732', 'CWE-306', 'CWE-276']","[-3.1741712 -3.3453104 -3.3972807 -3.5042927 -3.6181488 -3.6335752
 -3.691396  -3.743687  -3.9103804 -3.940246 ]",CWE-254
CVE-2007-4786,"['CWE-287', 'CWE-522', 'CWE-798', 'CWE-668', 'CWE-521', 'CWE-326', 'CWE-916', 'CWE-640', 'CWE-327', 'CWE-330']","[-2.717784  -3.6505682 -3.6800652 -4.3729777 -4.4833746 -4.588808
 -4.6305203 -4.6337767 -4.7786703 -5.0129876]",CWE-255
CVE-2007-4961,"['CWE-287', 'CWE-522', 'CWE-916', 'CWE-347', 'CWE-345', 'CWE-326', 'CWE-327', 'CWE-668', 'CWE-338', 'CWE-335']","[-2.7421346 -3.1613998 -4.0400224 -4.0849023 -4.154364  -4.254815
 -4.431531  -4.487125  -4.578342  -4.769336 ]",CWE-310
CVE-2008-0141,"['CWE-287', 'CWE-522', 'CWE-798', 'CWE-521', 'CWE-916', 'CWE-326', 'CWE-327', 'CWE-640', 'CWE-668', 'CWE-330']","[-2.6697648 -3.020861  -3.2738154 -3.8785772 -3.9550896 -4.0056973
 -4.288088  -4.288129  -4.443565  -4.629417 ]",CWE-255
CVE-2008-4989,"['CWE-287', 'CWE-522', 'CWE-798', 'CWE-668', 'CWE-521', 'CWE-916', 'CWE-640', 'CWE-327', 'CWE-326', 'CWE-330']","[-2.7853367 -3.5867882 -3.8571215 -4.3714886 -4.4632993 -4.49219
 -4.68079   -4.7573113 -4.7805424 -4.9350915]",CWE-255
CVE-2009-0964,"['CWE-287', 'CWE-522', 'CWE-798', 'CWE-521', 'CWE-916', 'CWE-326', 'CWE-327', 'CWE-640', 'CWE-668', 'CWE-330']","[-2.660598  -3.0242922 -3.3047512 -3.9504876 -3.9736776 -4.036749
 -4.279097  -4.340842  -4.445863  -4.6564116]",CWE-255
CVE-2009-1415,"['CWE-287', 'CWE-522', 'CWE-798', 'CWE-668', 'CWE-521', 'CWE-916', 'CWE-640', 'CWE-327', 'CWE-326', 'CWE-330']","[-2.8116708 -3.6389062 -3.945593  -4.377838  -4.538393  -4.6035852
 -4.711213  -4.7839847 -4.8120337 -4.9077315]",CWE-255
CVE-2009-2158,"['CWE-287', 'CWE-522', 'CWE-798', 'CWE-521', 'CWE-916', 'CWE-326', 'CWE-327', 'CWE-640', 'CWE-668', 'CWE-330']","[-2.7016425 -3.073301  -3.3226948 -3.998367  -4.022593  -4.12106
 -4.369021  -4.423663  -4.4890695 -4.710648 ]",CWE-255
CVE-2010-1573,"['CWE-287', 'CWE-522', 'CWE-798', 'CWE-521', 'CWE-916', 'CWE-326', 'CWE-327', 'CWE-640', 'CWE-668', 'CWE-330']","[-2.6217952 -2.9771938 -3.2365346 -3.8880515 -3.9771137 -3.9776213
 -4.2839108 -4.284961  -4.4177084 -4.6372347]",CWE-255
CVE-2010-2073,"['CWE-287', 'CWE-522', 'CWE-798', 'CWE-521', 'CWE-326', 'CWE-916', 'CWE-327', 'CWE-640', 'CWE-668', 'CWE-330']","[-2.721605  -3.0259933 -3.2739725 -3.9198418 -3.979424  -3.9810786
 -4.2467327 -4.298638  -4.500652  -4.663032 ]",CWE-255
CVE-2010-2772,"['CWE-287', 'CWE-522', 'CWE-668', 'CWE-798', 'CWE-640', 'CWE-521', 'CWE-326', 'CWE-916', 'CWE-327', 'CWE-330']","[-3.460087  -4.0593195 -4.4942765 -4.58738   -4.988193  -5.007958
 -5.0883236 -5.21868   -5.2637405 -5.481458 ]",CWE-255
CVE-2012-2055,"['CWE-287', 'CWE-522', 'CWE-798', 'CWE-521', 'CWE-326', 'CWE-916', 'CWE-327', 'CWE-640', 'CWE-668', 'CWE-330']","[-2.664131  -3.0524793 -3.2763581 -3.982815  -4.03283   -4.0341287
 -4.280784  -4.368995  -4.468087  -4.6772995]",CWE-255
CVE-2012-4028,"['CWE-287', 'CWE-522', 'CWE-798', 'CWE-668', 'CWE-521', 'CWE-640', 'CWE-326', 'CWE-916', 'CWE-327', 'CWE-330']","[-2.612821  -3.3889616 -3.7453735 -4.248644  -4.3078012 -4.3691096
 -4.3933473 -4.405189  -4.5185385 -4.8364615]",CWE-255
CVE-2012-5627,"['CWE-287', 'CWE-522', 'CWE-798', 'CWE-668', 'CWE-640', 'CWE-521', 'CWE-327', 'CWE-326', 'CWE-916', 'CWE-330']","[-3.899823  -4.698969  -4.8118725 -5.2546415 -5.535728  -5.5605755
 -5.7418413 -5.807428  -5.809594  -5.8638763]",CWE-255
CVE-2013-0625,"['CWE-287', 'CWE-522', 'CWE-798', 'CWE-668', 'CWE-521', 'CWE-326', 'CWE-916', 'CWE-327', 'CWE-640', 'CWE-330']","[-2.723919  -3.5309272 -3.7516887 -4.229157  -4.33915   -4.4218073
 -4.4620614 -4.539571  -4.5753455 -4.8056674]",CWE-255
CVE-2016-7043,"['CWE-287', 'CWE-522', 'CWE-798', 'CWE-521', 'CWE-640', 'CWE-326', 'CWE-916', 'CWE-668', 'CWE-327', 'CWE-330']","[-2.797087  -3.3257964 -3.8533359 -4.2642555 -4.3668685 -4.4075212
 -4.4300337 -4.4542556 -4.4972754 -4.839141 ]",CWE-255
CVE-2019-10160,"['CWE-287', 'CWE-522', 'CWE-668', 'CWE-798', 'CWE-640', 'CWE-521', 'CWE-326', 'CWE-327', 'CWE-916', 'CWE-330']","[-3.4691205 -4.1816964 -4.477421  -4.4937034 -4.985281  -4.9966793
 -5.0181246 -5.0876474 -5.1901684 -5.196834 ]",CWE-255
CVE-2019-6526,"['CWE-287', 'CWE-522', 'CWE-916', 'CWE-347', 'CWE-345', 'CWE-668', 'CWE-326', 'CWE-327', 'CWE-338', 'CWE-331']","[-2.697732  -3.2483675 -4.088188  -4.163357  -4.1634097 -4.336361
 -4.3423467 -4.521594  -4.583415  -4.8037977]",CWE-310
CVE-2002-1798,"['CWE-89', 'CWE-119', 'CWE-22', 'CWE-20', 'CWE-352', 'CWE-78', 'CWE-200', 'CWE-94', 'CWE-787', 'CWE-863']","[-2.9173183 -3.0118747 -3.0184948 -3.0556622 -3.0815854 -3.0887082
 -3.1247847 -3.157927  -3.192476  -3.304558 ]",CWE-264
CVE-2005-3623,"['CWE-89', 'CWE-94', 'CWE-22', 'CWE-787', 'CWE-78', 'CWE-200', 'CWE-20', 'CWE-352', 'CWE-119', 'CWE-190']","[-3.1329    -3.143361  -3.1452937 -3.2428396 -3.2543988 -3.2832048
 -3.3373933 -3.359345  -3.3757641 -3.4288197]",CWE-264
CVE-2006-6679,"['CWE-89', 'CWE-22', 'CWE-352', 'CWE-94', 'CWE-20', 'CWE-287', 'CWE-78', 'CWE-200', 'CWE-863', 'CWE-119']","[-3.1051621 -3.1445653 -3.1731052 -3.2780237 -3.3051007 -3.333209
 -3.3768055 -3.4391031 -3.4757404 -3.4763117]",CWE-264
CVE-2007-0802,"['CWE-89', 'CWE-22', 'CWE-94', 'CWE-352', 'CWE-200', 'CWE-78', 'CWE-20', 'CWE-287', 'CWE-119', 'CWE-190']","[-3.33657   -3.392     -3.3942218 -3.4463658 -3.453352  -3.56714
 -3.634315  -3.6361947 -3.665795  -3.706666 ]",CWE-264
CVE-2007-4000,"['CWE-22', 'CWE-89', 'CWE-352', 'CWE-94', 'CWE-78', 'CWE-287', 'CWE-200', 'CWE-20', 'CWE-59', 'CWE-119']","[-3.332412  -3.3872619 -3.4918873 -3.5398524 -3.6188107 -3.6321237
 -3.6903503 -3.718486  -3.796543  -3.8306146]",CWE-264
CVE-2007-5544,"['CWE-352', 'CWE-89', 'CWE-22', 'CWE-94', 'CWE-79', 'CWE-78', 'CWE-200', 'CWE-287', 'CWE-434', 'CWE-20']","[-3.496704  -3.518313  -3.5725648 -3.6892424 -3.8193693 -3.83483
 -3.8408322 -3.857191  -3.905037  -3.9188604]",CWE-264
CVE-2007-6033,"['CWE-89', 'CWE-20', 'CWE-22', 'CWE-352', 'CWE-119', 'CWE-78', 'CWE-94', 'CWE-200', 'CWE-787', 'CWE-862']","[-2.9628055 -3.002247  -3.0184112 -3.0614862 -3.0694025 -3.0777996
 -3.11872   -3.1222415 -3.207848  -3.3000946]",CWE-264
CVE-2008-0322,"['CWE-89', 'CWE-22', 'CWE-352', 'CWE-94', 'CWE-287', 'CWE-200', 'CWE-78', 'CWE-20', 'CWE-79', 'CWE-119']","[-3.3786097 -3.4129345 -3.5537007 -3.5835276 -3.7379034 -3.7500746
 -3.78955   -3.8322554 -3.9021833 -3.9269922]",CWE-264
CVE-2008-0595,"['CWE-22', 'CWE-352', 'CWE-89', 'CWE-94', 'CWE-20', 'CWE-200', 'CWE-287', 'CWE-79', 'CWE-119', 'CWE-78']","[-3.6844568 -3.7333007 -3.8229272 -3.846429  -3.924368  -3.9459732
 -4.027554  -4.0958705 -4.099251  -4.1141   ]",CWE-264
CVE-2008-0884,"['CWE-89', 'CWE-119', 'CWE-20', 'CWE-22', 'CWE-94', 'CWE-352', 'CWE-200', 'CWE-78', 'CWE-787', 'CWE-863']","[-2.920956  -2.9590092 -2.9783854 -3.0100048 -3.0529454 -3.064568
 -3.0861957 -3.091672  -3.20092   -3.251587 ]",CWE-264
CVE-2008-2020,"['CWE-352', 'CWE-89', 'CWE-22', 'CWE-94', 'CWE-79', 'CWE-20', 'CWE-434', 'CWE-200', 'CWE-78', 'CWE-287']","[-3.4636366 -3.6695197 -3.7200248 -3.786247  -3.8199725 -3.839907
 -3.8778412 -3.8918507 -3.9265618 -3.9718697]",CWE-264
CVE-2008-3424,"['CWE-89', 'CWE-22', 'CWE-94', 'CWE-352', 'CWE-287', 'CWE-78', 'CWE-20', 'CWE-200', 'CWE-119', 'CWE-863']","[-2.9650056 -3.03785   -3.0792973 -3.1441112 -3.2268453 -3.2605577
 -3.2851496 -3.3380933 -3.4715357 -3.477178 ]",CWE-264
CVE-2008-3789,"['CWE-89', 'CWE-22', 'CWE-94', 'CWE-352', 'CWE-78', 'CWE-200', 'CWE-287', 'CWE-20', 'CWE-59', 'CWE-119']","[-3.3188756 -3.334837  -3.3710117 -3.3943977 -3.5536761 -3.5694606
 -3.5808804 -3.6046722 -3.6218712 -3.7459133]",CWE-264
CVE-2008-4577,"['CWE-89', 'CWE-94', 'CWE-22', 'CWE-352', 'CWE-78', 'CWE-287', 'CWE-20', 'CWE-200', 'CWE-863', 'CWE-77']","[-2.919649  -3.0977254 -3.132232  -3.2262943 -3.238089  -3.2828126
 -3.2879562 -3.4255102 -3.459701  -3.4851022]",CWE-264
CVE-2008-4870,"['CWE-89', 'CWE-20', 'CWE-22', 'CWE-119', 'CWE-78', 'CWE-352', 'CWE-200', 'CWE-94', 'CWE-787', 'CWE-863']","[-2.8873653 -2.923308  -2.928253  -3.0102115 -3.0326173 -3.0367641
 -3.097569  -3.1297657 -3.19641   -3.2354972]",CWE-264
CVE-2008-6548,"['CWE-89', 'CWE-22', 'CWE-94', 'CWE-352', 'CWE-287', 'CWE-78', 'CWE-863', 'CWE-20', 'CWE-200', 'CWE-79']","[-2.9311857 -3.059306  -3.0991101 -3.1294086 -3.2180853 -3.2551336
 -3.3017247 -3.4002957 -3.4200358 -3.454545 ]",CWE-264
CVE-2008-6827,"['CWE-89', 'CWE-22', 'CWE-94', 'CWE-352', 'CWE-287', 'CWE-78', 'CWE-200', 'CWE-20', 'CWE-863', 'CWE-119']","[-3.0034485 -3.0353012 -3.204353  -3.2203736 -3.2589657 -3.334632
 -3.444959  -3.455991  -3.5184846 -3.528225 ]",CWE-264
CVE-2009-0034,"['CWE-89', 'CWE-22', 'CWE-94', 'CWE-352', 'CWE-287', 'CWE-78', 'CWE-20', 'CWE-119', 'CWE-863', 'CWE-200']","[-3.1314228 -3.2396603 -3.3528745 -3.3878484 -3.4635417 -3.4774234
 -3.6379454 -3.6431153 -3.6737244 -3.6750362]",CWE-264
CVE-2009-0115,"['CWE-89', 'CWE-22', 'CWE-20', 'CWE-352', 'CWE-78', 'CWE-119', 'CWE-94', 'CWE-200', 'CWE-787', 'CWE-863']","[-2.8659678 -2.9614713 -3.0050378 -3.01925   -3.0447059 -3.0533628
 -3.0560575 -3.1147807 -3.2289417 -3.2360275]",CWE-264
CVE-2009-0141,"['CWE-89', 'CWE-94', 'CWE-119', 'CWE-352', 'CWE-22', 'CWE-287', 'CWE-20', 'CWE-78', 'CWE-200', 'CWE-79']","[-3.3331888 -3.3454154 -3.395012  -3.6323428 -3.6612504 -3.6732163
 -3.7526188 -3.7915542 -3.8135827 -3.9003596]",CWE-264
CVE-2009-1073,"['CWE-89', 'CWE-22', 'CWE-78', 'CWE-119', 'CWE-352', 'CWE-20', 'CWE-94', 'CWE-200', 'CWE-863', 'CWE-787']","[-2.8371277 -2.929261  -3.003518  -3.0158908 -3.0190272 -3.0247312
 -3.0715137 -3.12596   -3.1976337 -3.2323687]",CWE-264
CVE-2009-2282,"['CWE-89', 'CWE-22', 'CWE-352', 'CWE-94', 'CWE-287', 'CWE-200', 'CWE-78', 'CWE-20', 'CWE-79', 'CWE-434']","[-3.4473972 -3.4530447 -3.614501  -3.6303966 -3.7867613 -3.799424
 -3.8599596 -3.9021082 -3.9340167 -3.9813614]",CWE-264
CVE-2009-2948,"['CWE-89', 'CWE-22', 'CWE-94', 'CWE-352', 'CWE-78', 'CWE-200', 'CWE-20', 'CWE-287', 'CWE-59', 'CWE-119']","[-3.3019414 -3.3338513 -3.3524787 -3.3661075 -3.4965901 -3.5568259
 -3.5683432 -3.5699832 -3.5758743 -3.7146685]",CWE-264
CVE-2009-3046,"['CWE-89', 'CWE-352', 'CWE-94', 'CWE-22', 'CWE-20', 'CWE-78', 'CWE-287', 'CWE-200', 'CWE-79', 'CWE-119']","[-3.0082326 -3.1453176 -3.1973808 -3.2005227 -3.2635128 -3.3078375
 -3.331258  -3.3561208 -3.3776662 -3.5451348]",CWE-264
CVE-2009-3107,"['CWE-89', 'CWE-22', 'CWE-94', 'CWE-352', 'CWE-287', 'CWE-78', 'CWE-200', 'CWE-20', 'CWE-863', 'CWE-119']","[-2.96897   -2.9693532 -3.1674795 -3.189954  -3.2536125 -3.3110163
 -3.4571073 -3.4737916 -3.528902  -3.5437515]",CWE-264
CVE-2009-3289,"['CWE-89', 'CWE-22', 'CWE-352', 'CWE-94', 'CWE-78', 'CWE-287', 'CWE-20', 'CWE-200', 'CWE-59', 'CWE-119']","[-3.108948  -3.1482353 -3.209094  -3.22029   -3.3594117 -3.453302
 -3.453608  -3.522125  -3.528182  -3.5582237]",CWE-264
CVE-2009-3421,"['CWE-89', 'CWE-20', 'CWE-22', 'CWE-78', 'CWE-119', 'CWE-352', 'CWE-94', 'CWE-200', 'CWE-787', 'CWE-862']","[-2.9385946 -3.0296679 -3.030698  -3.069043  -3.072686  -3.0998373
 -3.1142218 -3.1173253 -3.23983   -3.3066387]",CWE-264
CVE-2009-3482,"['CWE-89', 'CWE-22', 'CWE-20', 'CWE-119', 'CWE-352', 'CWE-78', 'CWE-94', 'CWE-200', 'CWE-787', 'CWE-863']","[-2.8922052 -3.000015  -3.0047793 -3.0134916 -3.0357838 -3.0593114
 -3.0626209 -3.0691555 -3.2205575 -3.2434006]",CWE-264
CVE-2009-3597,"['CWE-89', 'CWE-119', 'CWE-22', 'CWE-20', 'CWE-94', 'CWE-352', 'CWE-78', 'CWE-200', 'CWE-787', 'CWE-863']","[-2.95914   -3.0028014 -3.0815036 -3.0845098 -3.1051679 -3.1078188
 -3.1186013 -3.1559424 -3.2666357 -3.3442817]",CWE-264
CVE-2009-3611,"['CWE-89', 'CWE-22', 'CWE-20', 'CWE-352', 'CWE-94', 'CWE-119', 'CWE-78', 'CWE-200', 'CWE-863', 'CWE-79']","[-2.8433917 -2.9123342 -2.961273  -2.9871004 -3.04636   -3.0529454
 -3.0606003 -3.08052   -3.265464  -3.2845318]",CWE-264
CVE-2009-3781,"['CWE-89', 'CWE-119', 'CWE-20', 'CWE-22', 'CWE-78', 'CWE-94', 'CWE-352', 'CWE-200', 'CWE-787', 'CWE-862']","[-2.8695374 -2.9509647 -2.9561229 -2.9805584 -3.0422468 -3.0528574
 -3.0568852 -3.1015878 -3.2376096 -3.2432227]",CWE-264
CVE-2009-3897,"['CWE-89', 'CWE-94', 'CWE-22', 'CWE-78', 'CWE-352', 'CWE-20', 'CWE-287', 'CWE-200', 'CWE-77', 'CWE-863']","[-2.8957503 -3.0549068 -3.1264563 -3.2180824 -3.241506  -3.2691944
 -3.2949944 -3.4324613 -3.459389  -3.469302 ]",CWE-264
CVE-2009-3939,"['CWE-89', 'CWE-22', 'CWE-94', 'CWE-78', 'CWE-787', 'CWE-200', 'CWE-352', 'CWE-20', 'CWE-190', 'CWE-119']","[-3.1577878 -3.167971  -3.2074502 -3.2560225 -3.2589915 -3.298026
 -3.3717046 -3.3968692 -3.4187682 -3.4286232]",CWE-264
CVE-2010-0136,"['CWE-94', 'CWE-89', 'CWE-22', 'CWE-287', 'CWE-352', 'CWE-119', 'CWE-78', 'CWE-20', 'CWE-200', 'CWE-59']","[-3.0471282 -3.0818202 -3.1188686 -3.3124118 -3.3268354 -3.3307228
 -3.335838  -3.4383438 -3.5640638 -3.5784535]",CWE-264
CVE-2010-0211,"['CWE-89', 'CWE-94', 'CWE-22', 'CWE-78', 'CWE-287', 'CWE-352', 'CWE-200', 'CWE-119', 'CWE-20', 'CWE-59']","[-3.161181  -3.1951787 -3.2406151 -3.433237  -3.4434774 -3.4576995
 -3.5228267 -3.5515537 -3.6357644 -3.642931 ]",CWE-264
CVE-2010-1637,"['CWE-89', 'CWE-22', 'CWE-94', 'CWE-352', 'CWE-78', 'CWE-287', 'CWE-200', 'CWE-863', 'CWE-79', 'CWE-20']","[-3.0735717 -3.2027872 -3.27012   -3.2764878 -3.4252605 -3.4655595
 -3.6188025 -3.6396418 -3.6745331 -3.693221 ]",CWE-264
CVE-2010-2965,"['CWE-89', 'CWE-22', 'CWE-20', 'CWE-119', 'CWE-352', 'CWE-78', 'CWE-200', 'CWE-94', 'CWE-863', 'CWE-787']","[-2.815989  -2.9140038 -2.9347212 -2.935386  -2.959022  -2.9756591
 -3.0081809 -3.0206032 -3.1951585 -3.2100813]",CWE-264
CVE-2010-3322,"['CWE-89', 'CWE-22', 'CWE-352', 'CWE-78', 'CWE-94', 'CWE-287', 'CWE-20', 'CWE-863', 'CWE-79', 'CWE-200']","[-2.9284987 -3.0939164 -3.1003907 -3.1497762 -3.225523  -3.2388294
 -3.2816858 -3.3220801 -3.3293452 -3.3492756]",CWE-264
CVE-2010-3689,"['CWE-89', 'CWE-22', 'CWE-94', 'CWE-352', 'CWE-78', 'CWE-119', 'CWE-287', 'CWE-20', 'CWE-200', 'CWE-863']","[-3.0965116 -3.1316702 -3.14364   -3.2845898 -3.3556368 -3.36781
 -3.3968964 -3.5089395 -3.5647898 -3.6525435]",CWE-264
CVE-2010-4176,"['CWE-89', 'CWE-22', 'CWE-119', 'CWE-20', 'CWE-78', 'CWE-94', 'CWE-352', 'CWE-200', 'CWE-787', 'CWE-863']","[-2.9252665 -3.0091372 -3.0375173 -3.059133  -3.0713527 -3.092672
 -3.1050658 -3.1538823 -3.1938086 -3.3273418]",CWE-264
CVE-2010-4210,"['CWE-22', 'CWE-89', 'CWE-94', 'CWE-352', 'CWE-287', 'CWE-78', 'CWE-200', 'CWE-20', 'CWE-119', 'CWE-79']","[-3.420503  -3.4516654 -3.612651  -3.6327186 -3.7212884 -3.779083
 -3.7915087 -3.8274832 -3.897326  -3.9775538]",CWE-264
CVE-2010-4296,"['CWE-22', 'CWE-89', 'CWE-352', 'CWE-94', 'CWE-78', 'CWE-200', 'CWE-287', 'CWE-59', 'CWE-863', 'CWE-20']","[-3.064898  -3.1264126 -3.2369485 -3.2991414 -3.3239415 -3.4138632
 -3.4454372 -3.555919  -3.5664043 -3.5770967]",CWE-264
CVE-2011-1207,"['CWE-89', 'CWE-352', 'CWE-22', 'CWE-78', 'CWE-20', 'CWE-94', 'CWE-287', 'CWE-200', 'CWE-863', 'CWE-119']","[-2.9933732 -3.0177891 -3.0276515 -3.231329  -3.2652934 -3.3040633
 -3.3694556 -3.4223242 -3.4226298 -3.463592 ]",CWE-264
CVE-2011-1244,"['CWE-89', 'CWE-20', 'CWE-22', 'CWE-119', 'CWE-78', 'CWE-200', 'CWE-94', 'CWE-352', 'CWE-787', 'CWE-863']","[-2.8742456 -2.9049652 -2.9384437 -2.97935   -3.0232081 -3.035361
 -3.0382931 -3.0451849 -3.154422  -3.2149081]",CWE-264
CVE-2011-2520,"['CWE-89', 'CWE-22', 'CWE-94', 'CWE-78', 'CWE-20', 'CWE-119', 'CWE-352', 'CWE-200', 'CWE-787', 'CWE-863']","[-2.8183486 -2.895864  -2.9662163 -2.9805954 -2.9873853 -3.000084
 -3.0318832 -3.0647779 -3.160633  -3.1929278]",CWE-264
CVE-2011-2894,"['CWE-89', 'CWE-352', 'CWE-22', 'CWE-94', 'CWE-78', 'CWE-287', 'CWE-20', 'CWE-200', 'CWE-863', 'CWE-79']","[-2.9046876 -2.9956677 -3.0111034 -3.114638  -3.2915547 -3.3008637
 -3.333686  -3.415629  -3.4481678 -3.5036144]",CWE-264
CVE-2011-4339,"['CWE-89', 'CWE-119', 'CWE-20', 'CWE-22', 'CWE-78', 'CWE-352', 'CWE-94', 'CWE-200', 'CWE-787', 'CWE-863']","[-2.9002295 -2.9659355 -2.96753   -2.9777977 -3.0170972 -3.0339074
 -3.035174  -3.064361  -3.1849406 -3.2558055]",CWE-264
CVE-2012-3503,"['CWE-89', 'CWE-22', 'CWE-352', 'CWE-94', 'CWE-78', 'CWE-287', 'CWE-863', 'CWE-20', 'CWE-200', 'CWE-79']","[-2.942944  -2.969299  -3.015582  -3.1118217 -3.1628308 -3.20937
 -3.324373  -3.3415616 -3.415073  -3.4716496]",CWE-264
CVE-2012-4027,"['CWE-89', 'CWE-22', 'CWE-352', 'CWE-94', 'CWE-287', 'CWE-78', 'CWE-863', 'CWE-20', 'CWE-200', 'CWE-79']","[-2.9355311 -2.9477282 -3.0513198 -3.0694897 -3.133751  -3.1590614
 -3.2615156 -3.284218  -3.4434288 -3.4690764]",CWE-264
CVE-2012-4399,"['CWE-89', 'CWE-22', 'CWE-352', 'CWE-78', 'CWE-94', 'CWE-20', 'CWE-287', 'CWE-863', 'CWE-77', 'CWE-200']","[-2.8196518 -2.866336  -2.9887025 -3.1070623 -3.1321363 -3.1849365
 -3.1914327 -3.3003888 -3.3721027 -3.3941054]",CWE-264
CVE-2012-5656,"['CWE-22', 'CWE-89', 'CWE-352', 'CWE-94', 'CWE-78', 'CWE-287', 'CWE-20', 'CWE-200', 'CWE-863', 'CWE-434']","[-3.1946087 -3.196913  -3.221972  -3.40286   -3.468823  -3.4999723
 -3.5321393 -3.5983412 -3.6520996 -3.6579158]",CWE-264
CVE-2013-0543,"['CWE-89', 'CWE-22', 'CWE-20', 'CWE-352', 'CWE-119', 'CWE-78', 'CWE-94', 'CWE-200', 'CWE-863', 'CWE-79']","[-2.8012621 -2.8774061 -2.9210832 -2.9673023 -3.0089383 -3.013647
 -3.0151064 -3.0532825 -3.1723213 -3.190902 ]",CWE-264
CVE-2013-0885,"['CWE-89', 'CWE-22', 'CWE-94', 'CWE-190', 'CWE-78', 'CWE-787', 'CWE-200', 'CWE-352', 'CWE-20', 'CWE-59']","[-3.422234  -3.4577734 -3.4933047 -3.5436676 -3.5437827 -3.600394
 -3.61838   -3.6209817 -3.667083  -3.7541811]",CWE-264
CVE-2013-0887,"['CWE-89', 'CWE-22', 'CWE-20', 'CWE-119', 'CWE-352', 'CWE-94', 'CWE-78', 'CWE-200', 'CWE-787', 'CWE-863']","[-2.8863666 -2.9622598 -2.9909077 -2.9973466 -3.0363805 -3.0468793
 -3.0531504 -3.0759633 -3.1770093 -3.2689576]",CWE-264
CVE-2013-0889,"['CWE-89', 'CWE-22', 'CWE-94', 'CWE-190', 'CWE-78', 'CWE-200', 'CWE-787', 'CWE-352', 'CWE-20', 'CWE-119']","[-3.4488382 -3.4553232 -3.4661145 -3.5636113 -3.578359  -3.5858068
 -3.6264026 -3.646053  -3.651839  -3.784449 ]",CWE-264
CVE-2013-3993,"['CWE-89', 'CWE-22', 'CWE-352', 'CWE-94', 'CWE-287', 'CWE-78', 'CWE-863', 'CWE-200', 'CWE-20', 'CWE-79']","[-2.7853687 -2.874111  -2.996759  -2.9984486 -3.094344  -3.147235
 -3.2426102 -3.2554383 -3.269777  -3.278547 ]",CWE-264
CVE-2013-4480,"['CWE-22', 'CWE-89', 'CWE-352', 'CWE-94', 'CWE-287', 'CWE-78', 'CWE-79', 'CWE-863', 'CWE-20', 'CWE-200']","[-2.9246047 -2.9385405 -3.058037  -3.176788  -3.25376   -3.2952576
 -3.3382614 -3.3595178 -3.3858569 -3.4251842]",CWE-264
CVE-2013-6926,"['CWE-352', 'CWE-89', 'CWE-22', 'CWE-94', 'CWE-20', 'CWE-78', 'CWE-287', 'CWE-200', 'CWE-863', 'CWE-79']","[-3.0775633 -3.0818636 -3.210249  -3.271171  -3.3587437 -3.372855
 -3.4350135 -3.4366004 -3.544567  -3.5573685]",CWE-264
CVE-2014-0185,"['CWE-89', 'CWE-94', 'CWE-22', 'CWE-78', 'CWE-20', 'CWE-352', 'CWE-119', 'CWE-200', 'CWE-287', 'CWE-787']","[-3.1354392 -3.232561  -3.2448733 -3.3457623 -3.4095082 -3.4248862
 -3.4606166 -3.4893293 -3.5214655 -3.6243567]",CWE-264
CVE-2014-1730,"['CWE-89', 'CWE-22', 'CWE-78', 'CWE-20', 'CWE-119', 'CWE-352', 'CWE-200', 'CWE-94', 'CWE-787', 'CWE-863']","[-2.9344094 -2.997995  -3.0009074 -3.0248973 -3.0545452 -3.0985126
 -3.1020935 -3.103183  -3.1729825 -3.3332744]",CWE-264
CVE-2014-3575,"['CWE-476', 'CWE-190', 'CWE-200', 'CWE-20', 'CWE-787', 'CWE-119', 'CWE-125', 'CWE-352', 'CWE-79', 'CWE-94']","[-4.1585383 -4.166919  -4.194032  -4.213645  -4.313348  -4.3636684
 -4.3807626 -4.3958573 -4.463693  -4.5081267]",CWE-264
CVE-2014-8109,"['CWE-22', 'CWE-200', 'CWE-352', 'CWE-89', 'CWE-20', 'CWE-94', 'CWE-119', 'CWE-78', 'CWE-190', 'CWE-79']","[-3.6458893 -3.7230995 -3.7365189 -3.763834  -3.7662296 -3.788021
 -3.8766522 -3.8875885 -3.9027374 -3.928847 ]",CWE-264
CVE-2015-0278,"['CWE-22', 'CWE-89', 'CWE-20', 'CWE-94', 'CWE-200', 'CWE-78', 'CWE-352', 'CWE-190', 'CWE-787', 'CWE-287']","[-3.4194353 -3.5723102 -3.5853276 -3.588906  -3.5935533 -3.5999074
 -3.6018984 -3.6393788 -3.7296436 -3.791759 ]",CWE-264
CVE-2015-0534,"['CWE-352', 'CWE-22', 'CWE-89', 'CWE-79', 'CWE-434', 'CWE-78', 'CWE-20', 'CWE-863', 'CWE-94', 'CWE-74']","[-3.1802733 -3.4583135 -3.544339  -3.6377091 -3.6887376 -3.7292347
 -3.7386868 -3.7545335 -3.75501   -3.8088315]",CWE-264
CVE-2015-1743,"['CWE-89', 'CWE-94', 'CWE-22', 'CWE-119', 'CWE-78', 'CWE-352', 'CWE-287', 'CWE-20', 'CWE-200', 'CWE-306']","[-2.9621131 -3.0908    -3.186285  -3.2390451 -3.2872088 -3.3057036
 -3.3133023 -3.378737  -3.4534318 -3.5067348]",CWE-264
CVE-2015-2387,"['CWE-200', 'CWE-20', 'CWE-352', 'CWE-269', 'CWE-22', 'CWE-94', 'CWE-79', 'CWE-89', 'CWE-434', 'CWE-287']","[-4.6749134 -4.705574  -4.737561  -4.818738  -4.9372106 -5.0332417
 -5.05909   -5.082462  -5.1639013 -5.2296004]",CWE-264
CVE-2015-2888,"['CWE-89', 'CWE-20', 'CWE-22', 'CWE-78', 'CWE-119', 'CWE-352', 'CWE-94', 'CWE-200', 'CWE-787', 'CWE-863']","[-2.95648   -3.0252113 -3.0291872 -3.0507116 -3.073384  -3.1033156
 -3.1060052 -3.1222548 -3.215871  -3.3030925]",CWE-264
CVE-2015-7985,"['CWE-89', 'CWE-22', 'CWE-352', 'CWE-94', 'CWE-20', 'CWE-78', 'CWE-287', 'CWE-200', 'CWE-863', 'CWE-119']","[-3.0389073 -3.0770946 -3.1856306 -3.2294712 -3.2802334 -3.292946
 -3.3609087 -3.4559114 -3.532097  -3.5556338]",CWE-264
CVE-2015-8467,"['CWE-22', 'CWE-89', 'CWE-94', 'CWE-352', 'CWE-78', 'CWE-200', 'CWE-287', 'CWE-20', 'CWE-59', 'CWE-119']","[-3.2937355 -3.3049824 -3.3507142 -3.3631094 -3.4932811 -3.51485
 -3.5470123 -3.5649407 -3.628017  -3.7283154]",CWE-264
CVE-2015-8539,"['CWE-22', 'CWE-89', 'CWE-94', 'CWE-787', 'CWE-200', 'CWE-78', 'CWE-352', 'CWE-20', 'CWE-287', 'CWE-119']","[-3.1653647 -3.1774    -3.1786418 -3.2646637 -3.268419  -3.2755985
 -3.3791986 -3.4059324 -3.4323263 -3.43627  ]",CWE-264
CVE-2016-0099,"['CWE-200', 'CWE-352', 'CWE-20', 'CWE-269', 'CWE-22', 'CWE-94', 'CWE-89', 'CWE-79', 'CWE-434', 'CWE-287']","[-4.688857  -4.7023935 -4.7135215 -4.788892  -4.8078737 -4.899475
 -4.936037  -4.9688363 -5.1439066 -5.1745167]",CWE-264
CVE-2016-0732,"['CWE-352', 'CWE-20', 'CWE-22', 'CWE-434', 'CWE-79', 'CWE-89', 'CWE-190', 'CWE-74', 'CWE-94', 'CWE-863']","[-3.3690836 -3.6720278 -3.6887896 -3.727853  -3.7474916 -3.81868
 -3.9143562 -3.9418576 -3.9687119 -3.971752 ]",CWE-264
CVE-2016-0762,"['CWE-89', 'CWE-22', 'CWE-352', 'CWE-94', 'CWE-78', 'CWE-20', 'CWE-200', 'CWE-287', 'CWE-863', 'CWE-77']","[-3.0490208 -3.1364398 -3.1835322 -3.2203748 -3.2534034 -3.2941246
 -3.315498  -3.3578093 -3.4991503 -3.532445 ]",CWE-264
CVE-2016-1572,"['CWE-190', 'CWE-20', 'CWE-200', 'CWE-352', 'CWE-94', 'CWE-787', 'CWE-476', 'CWE-119', 'CWE-22', 'CWE-59']","[-3.7772849 -3.7979772 -3.8925123 -3.9131842 -3.9599555 -3.9792483
 -3.9831877 -4.0841026 -4.0939846 -4.1139483]",CWE-264
CVE-2016-1575,"['CWE-200', 'CWE-20', 'CWE-352', 'CWE-190', 'CWE-22', 'CWE-94', 'CWE-476', 'CWE-787', 'CWE-79', 'CWE-89']","[-3.5996857 -3.6067817 -3.7369316 -3.7765741 -3.9332564 -3.9334004
 -3.95409   -3.9612577 -4.030588  -4.031796 ]",CWE-264
CVE-2016-2121,"['CWE-89', 'CWE-22', 'CWE-94', 'CWE-352', 'CWE-78', 'CWE-287', 'CWE-59', 'CWE-20', 'CWE-200', 'CWE-863']","[-3.157633  -3.217707  -3.2886164 -3.3274622 -3.3714056 -3.490544
 -3.5113692 -3.5293744 -3.5590324 -3.6677942]",CWE-264
CVE-2016-2496,"['CWE-89', 'CWE-94', 'CWE-22', 'CWE-787', 'CWE-78', 'CWE-200', 'CWE-287', 'CWE-119', 'CWE-20', 'CWE-306']","[-3.0595481 -3.0679343 -3.157177  -3.1691275 -3.1792085 -3.2283995
 -3.3098211 -3.310713  -3.3212256 -3.3322823]",CWE-264
CVE-2016-3376,"['CWE-200', 'CWE-20', 'CWE-352', 'CWE-269', 'CWE-22', 'CWE-94', 'CWE-79', 'CWE-89', 'CWE-434', 'CWE-287']","[-4.6639233 -4.704004  -4.7060065 -4.7796674 -4.8489885 -4.9463825
 -4.970009  -4.98394   -5.1628237 -5.180581 ]",CWE-264
CVE-2016-4656,"['CWE-89', 'CWE-94', 'CWE-22', 'CWE-119', 'CWE-287', 'CWE-352', 'CWE-78', 'CWE-20', 'CWE-200', 'CWE-306']","[-3.0570023 -3.1081684 -3.2070682 -3.2828915 -3.3410516 -3.3670962
 -3.4103146 -3.4781604 -3.538337  -3.625565 ]",CWE-264
CVE-2016-8219,"['CWE-89', 'CWE-22', 'CWE-119', 'CWE-78', 'CWE-94', 'CWE-20', 'CWE-352', 'CWE-200', 'CWE-787', 'CWE-863']","[-2.9310777 -2.993097  -3.017692  -3.037679  -3.053077  -3.0586033
 -3.1118348 -3.1344244 -3.16133   -3.303864 ]",CWE-264
CVE-2019-10132,"['CWE-94', 'CWE-89', 'CWE-22', 'CWE-20', 'CWE-352', 'CWE-78', 'CWE-200', 'CWE-190', 'CWE-787', 'CWE-59']","[-3.3721406 -3.429885  -3.433606  -3.4574027 -3.477379  -3.5125685
 -3.5381544 -3.5626063 -3.6124086 -3.6775439]",CWE-264
CVE-2020-12028,"['CWE-89', 'CWE-22', 'CWE-352', 'CWE-94', 'CWE-78', 'CWE-287', 'CWE-20', 'CWE-200', 'CWE-863', 'CWE-119']","[-3.0010917 -3.0776403 -3.1058004 -3.2071536 -3.2627587 -3.3051968
 -3.3096988 -3.438675  -3.4551792 -3.565517 ]",CWE-264
CVE-2016-6914,"['CWE-755', 'CWE-732', 'CWE-276', 'CWE-668', 'CWE-281']",[-3.3345823 -3.6645372 -3.734605  -4.0758386 -4.6378474],CWE-275
CVE-2005-2946,"['CWE-287', 'CWE-522', 'CWE-668', 'CWE-345', 'CWE-347', 'CWE-327', 'CWE-916', 'CWE-326', 'CWE-330', 'CWE-338']","[-3.5585468 -4.1721044 -4.809569  -4.831446  -4.98171   -5.1247654
 -5.2670918 -5.355675  -5.423834  -5.4688   ]",CWE-310
CVE-2006-7142,"['CWE-287', 'CWE-522', 'CWE-345', 'CWE-347', 'CWE-668', 'CWE-327', 'CWE-326', 'CWE-916', 'CWE-338', 'CWE-330']","[-3.5137184 -3.935488  -4.5050235 -4.5106897 -4.6414204 -4.7019606
 -4.7728996 -4.78428   -4.9831853 -5.1149964]",CWE-310
CVE-2007-5460,"['CWE-287', 'CWE-522', 'CWE-345', 'CWE-347', 'CWE-668', 'CWE-327', 'CWE-326', 'CWE-916', 'CWE-338', 'CWE-330']","[-3.4805002 -3.9603174 -4.4843388 -4.5363493 -4.599615  -4.706853
 -4.780607  -4.788119  -4.987256  -5.108762 ]",CWE-310
CVE-2007-5626,"['CWE-287', 'CWE-522', 'CWE-345', 'CWE-668', 'CWE-347', 'CWE-327', 'CWE-916', 'CWE-326', 'CWE-338', 'CWE-330']","[-3.457876  -4.0006113 -4.551396  -4.5669246 -4.710777  -4.840398
 -4.9536777 -5.0689063 -5.12741   -5.1984377]",CWE-310
CVE-2007-5778,"['CWE-287', 'CWE-522', 'CWE-345', 'CWE-347', 'CWE-326', 'CWE-916', 'CWE-668', 'CWE-327', 'CWE-338', 'CWE-330']","[-3.0512516 -3.5930803 -4.1259975 -4.336508  -4.3506317 -4.363136
 -4.3747387 -4.3794675 -4.6473246 -4.6792073]",CWE-310
CVE-2007-6755,"['CWE-287', 'CWE-522', 'CWE-345', 'CWE-668', 'CWE-347', 'CWE-327', 'CWE-916', 'CWE-326', 'CWE-338', 'CWE-330']","[-3.5372078 -3.9942834 -4.5485396 -4.5852914 -4.7767076 -4.7769923
 -4.9891686 -5.0308733 -5.1953096 -5.251608 ]",CWE-310
CVE-2008-0166,"['CWE-287', 'CWE-522', 'CWE-668', 'CWE-345', 'CWE-347', 'CWE-327', 'CWE-916', 'CWE-326', 'CWE-338', 'CWE-330']","[-3.4468052 -4.0847106 -4.6023436 -4.62384   -4.7531214 -4.883642
 -5.0481186 -5.1040254 -5.2509923 -5.295495 ]",CWE-310
CVE-2008-0174,"['CWE-287', 'CWE-522', 'CWE-347', 'CWE-345', 'CWE-327', 'CWE-668', 'CWE-326', 'CWE-916', 'CWE-338', 'CWE-330']","[-3.4509993 -3.914802  -4.438033  -4.512785  -4.6090646 -4.6186876
 -4.70885   -4.795708  -4.935747  -5.0890465]",CWE-310
CVE-2008-0374,"['CWE-287', 'CWE-522', 'CWE-347', 'CWE-345', 'CWE-668', 'CWE-327', 'CWE-916', 'CWE-326', 'CWE-338', 'CWE-330']","[-3.421441  -3.8493953 -4.402763  -4.4304543 -4.5779877 -4.6098347
 -4.6723785 -4.682093  -4.887719  -5.0595036]",CWE-310
CVE-2008-1526,"['CWE-287', 'CWE-522', 'CWE-347', 'CWE-345', 'CWE-327', 'CWE-668', 'CWE-326', 'CWE-916', 'CWE-338', 'CWE-330']","[-3.4891386 -3.885411  -4.4538717 -4.4915037 -4.637059  -4.6504602
 -4.6790686 -4.7416377 -4.9059634 -5.0927744]",CWE-310
CVE-2008-3775,"['CWE-287', 'CWE-522', 'CWE-345', 'CWE-347', 'CWE-668', 'CWE-327', 'CWE-326', 'CWE-916', 'CWE-338', 'CWE-330']","[-3.4095778 -3.8807912 -4.459302  -4.4838085 -4.5842314 -4.618608
 -4.7025533 -4.754091  -4.9371    -5.0755134]",CWE-310
CVE-2008-4122,"['CWE-287', 'CWE-522', 'CWE-347', 'CWE-345', 'CWE-668', 'CWE-327', 'CWE-326', 'CWE-916', 'CWE-338', 'CWE-330']","[-3.5212128 -4.016779  -4.5362234 -4.541177  -4.66659   -4.740192
 -4.8262506 -4.8266883 -5.022298  -5.1810813]",CWE-310
CVE-2008-4905,"['CWE-287', 'CWE-522', 'CWE-345', 'CWE-347', 'CWE-668', 'CWE-327', 'CWE-326', 'CWE-916', 'CWE-338', 'CWE-330']","[-3.479819  -3.9599016 -4.469415  -4.515376  -4.62183   -4.701958
 -4.753591  -4.7885256 -4.9683876 -5.110236 ]",CWE-310
CVE-2008-4929,"['CWE-287', 'CWE-522', 'CWE-668', 'CWE-345', 'CWE-347', 'CWE-326', 'CWE-916', 'CWE-327', 'CWE-338', 'CWE-330']","[-3.411003  -3.9588442 -4.6396675 -4.7184124 -4.8402286 -4.901365
 -4.9632397 -4.9655704 -5.1337266 -5.2209826]",CWE-310
CVE-2008-5162,"['CWE-287', 'CWE-522', 'CWE-347', 'CWE-345', 'CWE-668', 'CWE-327', 'CWE-326', 'CWE-916', 'CWE-338', 'CWE-330']","[-3.5211694 -3.9683032 -4.53044   -4.5350523 -4.584824  -4.70612
 -4.739954  -4.9866595 -5.081336  -5.13593  ]",CWE-310
CVE-2008-6157,"['CWE-287', 'CWE-522', 'CWE-345', 'CWE-347', 'CWE-668', 'CWE-327', 'CWE-326', 'CWE-916', 'CWE-338', 'CWE-330']","[-3.5126145 -3.9550292 -4.5168247 -4.574264  -4.630035  -4.699476
 -4.7770567 -4.824523  -5.0004015 -5.131276 ]",CWE-310
CVE-2008-6828,"['CWE-287', 'CWE-522', 'CWE-345', 'CWE-668', 'CWE-327', 'CWE-347', 'CWE-916', 'CWE-326', 'CWE-338', 'CWE-330']","[-3.429427  -4.1257625 -4.697259  -4.717036  -4.907648  -4.9748726
 -5.0647097 -5.094096  -5.232219  -5.2881827]",CWE-310
CVE-2009-0255,"['CWE-287', 'CWE-522', 'CWE-668', 'CWE-345', 'CWE-326', 'CWE-347', 'CWE-916', 'CWE-327', 'CWE-330', 'CWE-338']","[-3.3261423 -3.871838  -4.4992914 -4.5041957 -4.6512675 -4.654895
 -4.7751193 -4.7775283 -5.013026  -5.0192413]",CWE-310
CVE-2009-1466,"['CWE-287', 'CWE-522', 'CWE-347', 'CWE-345', 'CWE-668', 'CWE-327', 'CWE-326', 'CWE-916', 'CWE-338', 'CWE-330']","[-3.3917203 -3.8757887 -4.4315147 -4.432884  -4.5778112 -4.618009
 -4.6749105 -4.692538  -4.8928866 -5.053523 ]",CWE-310
CVE-2009-1603,"['CWE-287', 'CWE-522', 'CWE-345', 'CWE-347', 'CWE-668', 'CWE-327', 'CWE-326', 'CWE-916', 'CWE-338', 'CWE-330']","[-3.4369006 -3.8780653 -4.4305763 -4.439971  -4.568421  -4.6135235
 -4.701345  -4.7050376 -4.895541  -5.0386534]",CWE-310
CVE-2009-2272,"['CWE-287', 'CWE-522', 'CWE-347', 'CWE-345', 'CWE-668', 'CWE-327', 'CWE-326', 'CWE-916', 'CWE-338', 'CWE-330']","[-3.5103288 -3.9502623 -4.480444  -4.4934993 -4.6031137 -4.629704
 -4.705777  -4.7959127 -4.9376683 -5.083554 ]",CWE-310
CVE-2009-2273,"['CWE-287', 'CWE-522', 'CWE-345', 'CWE-347', 'CWE-668', 'CWE-327', 'CWE-326', 'CWE-916', 'CWE-338', 'CWE-330']","[-3.4078104 -3.8497798 -4.4353294 -4.4648023 -4.5678015 -4.6314335
 -4.681164  -4.7106028 -4.9036007 -5.05104  ]",CWE-310
CVE-2009-2367,"['CWE-287', 'CWE-522', 'CWE-345', 'CWE-347', 'CWE-668', 'CWE-327', 'CWE-326', 'CWE-916', 'CWE-338', 'CWE-330']","[-3.4260771 -3.8512862 -4.423239  -4.444444  -4.5474777 -4.5874043
 -4.675609  -4.7317924 -4.8901668 -5.0241632]",CWE-310
CVE-2009-3238,"['CWE-287', 'CWE-522', 'CWE-345', 'CWE-668', 'CWE-347', 'CWE-327', 'CWE-326', 'CWE-916', 'CWE-330', 'CWE-338']","[-3.5130024 -4.068773  -4.656613  -4.707501  -4.7132163 -4.797307
 -4.919067  -5.0367007 -5.1128736 -5.2102194]",CWE-310
CVE-2009-3278,"['CWE-287', 'CWE-522', 'CWE-345', 'CWE-347', 'CWE-668', 'CWE-327', 'CWE-326', 'CWE-916', 'CWE-338', 'CWE-330']","[-3.5281134 -3.9848354 -4.502644  -4.5374975 -4.6279173 -4.7147756
 -4.7916756 -4.8115287 -5.010821  -5.1423707]",CWE-310
CVE-2009-3555,"['CWE-287', 'CWE-522', 'CWE-668', 'CWE-347', 'CWE-345', 'CWE-326', 'CWE-327', 'CWE-330', 'CWE-916', 'CWE-331']","[-4.6476574 -4.9070663 -5.1022067 -5.2780943 -5.358665  -5.584152
 -5.633134  -5.721592  -5.995507  -6.0367236]",CWE-310
CVE-2010-0225,"['CWE-287', 'CWE-522', 'CWE-347', 'CWE-345', 'CWE-668', 'CWE-327', 'CWE-916', 'CWE-326', 'CWE-338', 'CWE-330']","[-3.402231  -3.854097  -4.4306397 -4.433457  -4.5815883 -4.624631
 -4.672044  -4.6726604 -4.8963284 -5.0690675]",CWE-310
CVE-2010-1378,"['CWE-287', 'CWE-522', 'CWE-668', 'CWE-345', 'CWE-347', 'CWE-327', 'CWE-916', 'CWE-326', 'CWE-330', 'CWE-338']","[-3.3838692 -4.09267   -4.6881647 -4.7417083 -4.9643145 -4.975179
 -5.0410085 -5.10062   -5.263571  -5.351357 ]",CWE-310
CVE-2012-2441,"['CWE-287', 'CWE-522', 'CWE-345', 'CWE-347', 'CWE-668', 'CWE-327', 'CWE-326', 'CWE-916', 'CWE-338', 'CWE-330']","[-3.3957603 -3.8551006 -4.427193  -4.4482136 -4.569996  -4.6193404
 -4.670494  -4.680456  -4.87997   -5.071114 ]",CWE-310
CVE-2012-2993,"['CWE-287', 'CWE-522', 'CWE-345', 'CWE-347', 'CWE-668', 'CWE-327', 'CWE-326', 'CWE-916', 'CWE-338', 'CWE-330']","[-3.445859  -3.8980498 -4.4052753 -4.430649  -4.5655713 -4.5837865
 -4.6640935 -4.6953106 -4.850306  -5.054135 ]",CWE-310
CVE-2012-3025,"['CWE-287', 'CWE-522', 'CWE-668', 'CWE-345', 'CWE-347', 'CWE-327', 'CWE-916', 'CWE-326', 'CWE-338', 'CWE-330']","[-3.2325394 -3.904896  -4.392346  -4.430355  -4.6947484 -4.700132
 -4.7713256 -4.9178886 -5.039355  -5.142955 ]",CWE-310
CVE-2012-3037,"['CWE-287', 'CWE-522', 'CWE-345', 'CWE-347', 'CWE-668', 'CWE-326', 'CWE-916', 'CWE-327', 'CWE-330', 'CWE-338']","[-3.0346308 -3.6300716 -4.1326976 -4.3721337 -4.3833146 -4.384449
 -4.3878484 -4.389416  -4.686595  -4.6892004]",CWE-310
CVE-2012-3527,"['CWE-287', 'CWE-522', 'CWE-345', 'CWE-668', 'CWE-347', 'CWE-326', 'CWE-916', 'CWE-327', 'CWE-330', 'CWE-338']","[-3.3815813 -3.9718473 -4.5442615 -4.5486655 -4.7579365 -4.810047
 -4.833067  -4.8711863 -5.0736194 -5.110922 ]",CWE-310
CVE-2012-5810,"['CWE-287', 'CWE-522', 'CWE-345', 'CWE-668', 'CWE-347', 'CWE-327', 'CWE-916', 'CWE-326', 'CWE-330', 'CWE-338']","[-3.4681237 -3.944176  -4.4565487 -4.510186  -4.7277656 -4.79178
 -4.9449325 -4.9994817 -5.1245775 -5.1642504]",CWE-310
CVE-2012-5821,"['CWE-287', 'CWE-522', 'CWE-345', 'CWE-668', 'CWE-347', 'CWE-327', 'CWE-916', 'CWE-326', 'CWE-330', 'CWE-338']","[-3.5436032 -4.006027  -4.522105  -4.5599637 -4.757177  -4.8823876
 -5.0629754 -5.112207  -5.219723  -5.271165 ]",CWE-310
CVE-2013-1620,"['CWE-287', 'CWE-522', 'CWE-345', 'CWE-668', 'CWE-347', 'CWE-327', 'CWE-916', 'CWE-326', 'CWE-338', 'CWE-330']","[-3.6136136 -4.226367  -4.783294  -4.786307  -4.8992033 -5.1417828
 -5.182234  -5.289784  -5.4157276 -5.417167 ]",CWE-310
CVE-2014-3470,"['CWE-287', 'CWE-522', 'CWE-668', 'CWE-347', 'CWE-345', 'CWE-327', 'CWE-326', 'CWE-330', 'CWE-916', 'CWE-331']","[-4.3793    -4.81029   -5.1326685 -5.254768  -5.368721  -5.558552
 -5.6257043 -5.695911  -5.897418  -5.9710693]",CWE-310
CVE-2015-0533,"['CWE-287', 'CWE-522', 'CWE-668', 'CWE-345', 'CWE-347', 'CWE-327', 'CWE-916', 'CWE-326', 'CWE-338', 'CWE-330']","[-3.6806405 -4.0759726 -4.6169963 -4.7108936 -4.9114137 -4.9126782
 -5.1045027 -5.106682  -5.2880244 -5.379753 ]",CWE-310
CVE-2015-3962,"['CWE-287', 'CWE-522', 'CWE-345', 'CWE-347', 'CWE-326', 'CWE-668', 'CWE-327', 'CWE-916', 'CWE-338', 'CWE-330']","[-3.11228   -3.6536248 -4.129138  -4.3059206 -4.3527064 -4.385453
 -4.386779  -4.3940415 -4.621695  -4.68781  ]",CWE-310
CVE-2015-4094,"['CWE-287', 'CWE-522', 'CWE-345', 'CWE-347', 'CWE-668', 'CWE-327', 'CWE-916', 'CWE-326', 'CWE-338', 'CWE-331']","[-3.434313  -3.8895874 -4.4051557 -4.4131804 -4.598141  -4.6171827
 -4.6639423 -4.6660366 -4.874917  -5.0735006]",CWE-310
CVE-2015-5537,"['CWE-287', 'CWE-522', 'CWE-345', 'CWE-668', 'CWE-347', 'CWE-327', 'CWE-916', 'CWE-326', 'CWE-338', 'CWE-330']","[-3.5490377 -4.1000075 -4.6220365 -4.626712  -4.7836914 -4.875537
 -5.026437  -5.125161  -5.1788316 -5.291913 ]",CWE-310
CVE-2015-8960,"['CWE-287', 'CWE-522', 'CWE-668', 'CWE-345', 'CWE-347', 'CWE-327', 'CWE-326', 'CWE-916', 'CWE-330', 'CWE-331']","[-3.7838306 -4.4640613 -4.922581  -4.9843097 -5.2168674 -5.3003902
 -5.3963    -5.436503  -5.5857854 -5.7683487]",CWE-310
CVE-2016-5431,"['CWE-287', 'CWE-522', 'CWE-345', 'CWE-668', 'CWE-347', 'CWE-327', 'CWE-916', 'CWE-326', 'CWE-338', 'CWE-330']","[-3.3782954 -3.9441586 -4.460207  -4.528876  -4.6943545 -4.7127824
 -4.872484  -4.950145  -5.0681305 -5.1559515]",CWE-310
CVE-2019-10240,"['CWE-287', 'CWE-522', 'CWE-345', 'CWE-668', 'CWE-347', 'CWE-327', 'CWE-916', 'CWE-326', 'CWE-338', 'CWE-330']","[-3.3782737 -3.945058  -4.4962893 -4.535355  -4.7167883 -4.7636395
 -4.948013  -4.9728527 -5.1138177 -5.206012 ]",CWE-310
CVE-2019-1804,"['CWE-287', 'CWE-522', 'CWE-345', 'CWE-347', 'CWE-668', 'CWE-327', 'CWE-326', 'CWE-916', 'CWE-338', 'CWE-330']","[-3.4494445 -3.8572907 -4.45546   -4.46624   -4.5641065 -4.6182785
 -4.6730933 -4.693825  -4.893514  -5.0300245]",CWE-310
CVE-2019-1940,"['CWE-287', 'CWE-522', 'CWE-668', 'CWE-345', 'CWE-347', 'CWE-327', 'CWE-916', 'CWE-326', 'CWE-338', 'CWE-330']","[-3.5106325 -4.000848  -4.533366  -4.5722995 -4.7449574 -4.855442
 -5.0119486 -5.023612  -5.1966553 -5.2911057]",CWE-310
CVE-2019-5448,"['CWE-287', 'CWE-522', 'CWE-345', 'CWE-668', 'CWE-327', 'CWE-347', 'CWE-916', 'CWE-326', 'CWE-338', 'CWE-330']","[-3.3089225 -4.0017824 -4.4962735 -4.532166  -4.772387  -4.8003707
 -4.9203634 -4.9827824 -5.1284704 -5.2015224]",CWE-310
CVE-2019-6540,"['CWE-287', 'CWE-522', 'CWE-345', 'CWE-347', 'CWE-668', 'CWE-327', 'CWE-326', 'CWE-916', 'CWE-338', 'CWE-330']","[-3.4686997 -3.8759975 -4.461689  -4.49025   -4.5988784 -4.639633
 -4.723625  -4.733648  -4.936196  -5.091556 ]",CWE-310
CVE-2019-9506,"['CWE-287', 'CWE-522', 'CWE-668', 'CWE-345', 'CWE-347', 'CWE-326', 'CWE-327', 'CWE-916', 'CWE-330', 'CWE-338']","[-4.120201  -4.754688  -5.1205177 -5.2828918 -5.5665765 -5.5834827
 -5.622589  -5.650354  -5.771568  -5.997351 ]",CWE-310
CVE-2016-7056,"['CWE-287', 'CWE-330', 'CWE-306', 'CWE-798', 'CWE-672']",[-4.481691  -4.8966265 -5.026788  -5.264721  -5.624985 ],CWE-320
CVE-2016-8635,"['CWE-287', 'CWE-330', 'CWE-306', 'CWE-798', 'CWE-672']",[-5.4390306 -5.7049804 -5.8941264 -6.149079  -6.5030937],CWE-320
CVE-2017-2625,"['CWE-287', 'CWE-330', 'CWE-306', 'CWE-798', 'CWE-672']",[-5.397853  -5.6168785 -5.8491197 -6.0940127 -6.4186344],CWE-320
CVE-2019-12621,"['CWE-306', 'CWE-287', 'CWE-798', 'CWE-330', 'CWE-672']",[-2.8327796 -2.916574  -3.3097086 -4.1227784 -4.6478376],CWE-320
CVE-2019-1586,"['CWE-287', 'CWE-306', 'CWE-798', 'CWE-330', 'CWE-672']",[-2.960439  -3.3031886 -3.7800322 -4.172178  -4.920114 ],CWE-320
CVE-2019-7476,"['CWE-287', 'CWE-306', 'CWE-798', 'CWE-330', 'CWE-672']",[-3.0008802 -3.5445354 -3.9894738 -4.3115354 -4.991523 ],CWE-320
CVE-2001-0136,"['CWE-20', 'CWE-400', 'CWE-502', 'CWE-74', 'CWE-401', 'CWE-772', 'CWE-770', 'CWE-668', 'CWE-908', 'CWE-665']","[-4.127251  -4.819745  -4.8273625 -4.8306193 -4.9081254 -4.94281
 -5.2131176 -5.2962966 -5.3198137 -5.4700007]",CWE-399
CVE-2005-2224,"['CWE-20', 'CWE-400', 'CWE-74', 'CWE-502', 'CWE-772', 'CWE-401', 'CWE-668', 'CWE-908', 'CWE-770', 'CWE-1188']","[-3.4045353 -3.8935206 -4.022472  -4.3278475 -4.4757686 -4.562976
 -4.622832  -4.629883  -4.712093  -4.7660165]",CWE-399
CVE-2005-3119,"['CWE-20', 'CWE-400', 'CWE-74', 'CWE-401', 'CWE-908', 'CWE-772', 'CWE-770', 'CWE-1188', 'CWE-502', 'CWE-668']","[-3.413583  -3.802491  -4.2435565 -4.268033  -4.3039274 -4.331835
 -4.5226    -4.5299177 -4.5567927 -4.671226 ]",CWE-399
CVE-2005-3181,"['CWE-20', 'CWE-400', 'CWE-74', 'CWE-401', 'CWE-908', 'CWE-772', 'CWE-1188', 'CWE-770', 'CWE-502', 'CWE-668']","[-3.4293425 -3.8038201 -4.242666  -4.2774863 -4.280648  -4.3359704
 -4.483704  -4.527075  -4.550888  -4.677973 ]",CWE-399
CVE-2006-2374,"['CWE-20', 'CWE-502', 'CWE-74', 'CWE-400', 'CWE-668', 'CWE-404', 'CWE-401', 'CWE-772', 'CWE-770', 'CWE-665']","[-4.5266805 -5.49236   -5.553845  -5.6126585 -6.0693502 -6.0800343
 -6.1337504 -6.170591  -6.3912764 -6.473215 ]",CWE-399
CVE-2006-4434,"['CWE-20', 'CWE-400', 'CWE-74', 'CWE-502', 'CWE-772', 'CWE-401', 'CWE-908', 'CWE-668', 'CWE-1188', 'CWE-770']","[-3.7238407 -4.27566   -4.3600945 -4.706535  -4.719785  -4.7694774
 -4.8922167 -4.9827256 -5.0094166 -5.035648 ]",CWE-399
CVE-2006-5779,"['CWE-20', 'CWE-400', 'CWE-74', 'CWE-772', 'CWE-401', 'CWE-908', 'CWE-1188', 'CWE-770', 'CWE-502', 'CWE-668']","[-3.6152573 -4.2966127 -4.4032254 -4.511695  -4.5742764 -4.576616
 -4.6988316 -4.7845597 -4.7949953 -4.88434  ]",CWE-399
CVE-2007-2274,"['CWE-20', 'CWE-400', 'CWE-772', 'CWE-401', 'CWE-74', 'CWE-908', 'CWE-1188', 'CWE-502', 'CWE-770', 'CWE-909']","[-3.0205028 -3.4493153 -3.8447874 -3.997472  -4.0107965 -4.067864
 -4.2119265 -4.3078847 -4.3309364 -4.498447 ]",CWE-399
CVE-2008-0077,"['CWE-20', 'CWE-400', 'CWE-772', 'CWE-401', 'CWE-74', 'CWE-908', 'CWE-1188', 'CWE-502', 'CWE-770', 'CWE-909']","[-3.0567188 -3.434909  -3.8993921 -4.0200624 -4.066508  -4.1787605
 -4.2671604 -4.302081  -4.3768716 -4.6003213]",CWE-399
CVE-2008-0132,"['CWE-20', 'CWE-400', 'CWE-772', 'CWE-401', 'CWE-74', 'CWE-908', 'CWE-1188', 'CWE-770', 'CWE-502', 'CWE-909']","[-3.0888438 -3.4499416 -3.8701012 -3.9868886 -4.0716925 -4.1550326
 -4.288344  -4.3564367 -4.3672504 -4.6129417]",CWE-399
CVE-2008-1700,"['CWE-20', 'CWE-400', 'CWE-772', 'CWE-401', 'CWE-74', 'CWE-908', 'CWE-502', 'CWE-770', 'CWE-1188', 'CWE-909']","[-3.0746233 -3.397873  -3.830906  -3.929101  -4.0206356 -4.112752
 -4.2726064 -4.2750072 -4.324681  -4.5586486]",CWE-399
CVE-2008-2122,"['CWE-20', 'CWE-400', 'CWE-74', 'CWE-772', 'CWE-401', 'CWE-502', 'CWE-770', 'CWE-908', 'CWE-668', 'CWE-1188']","[-3.268677  -3.8799846 -3.9834895 -4.26211   -4.3308415 -4.377224
 -4.394129  -4.5251126 -4.595137  -4.6170793]",CWE-399
CVE-2008-2364,"['CWE-20', 'CWE-400', 'CWE-74', 'CWE-502', 'CWE-772', 'CWE-908', 'CWE-401', 'CWE-1188', 'CWE-668', 'CWE-770']","[-3.6600707 -4.226144  -4.320218  -4.6171546 -4.690839  -4.783325
 -4.839225  -4.932847  -4.965985  -4.987162 ]",CWE-399
CVE-2008-2944,"['CWE-20', 'CWE-400', 'CWE-772', 'CWE-401', 'CWE-74', 'CWE-908', 'CWE-1188', 'CWE-502', 'CWE-770', 'CWE-909']","[-3.0708    -3.4664347 -3.8968794 -4.0231867 -4.0630918 -4.1940246
 -4.2881565 -4.309799  -4.385528  -4.6305623]",CWE-399
CVE-2008-3281,"['CWE-20', 'CWE-400', 'CWE-401', 'CWE-74', 'CWE-772', 'CWE-908', 'CWE-502', 'CWE-770', 'CWE-1188', 'CWE-665']","[-3.624592  -4.110661  -4.441481  -4.4553027 -4.5277557 -4.559339
 -4.6980295 -4.76281   -4.829751  -4.8565927]",CWE-399
CVE-2008-3471,"['CWE-20', 'CWE-400', 'CWE-74', 'CWE-502', 'CWE-401', 'CWE-908', 'CWE-668', 'CWE-772', 'CWE-770', 'CWE-1188']","[-3.6247082 -4.1013966 -4.12133   -4.466319  -4.614972  -4.7131124
 -4.7185373 -4.7344284 -4.908394  -4.9519124]",CWE-399
CVE-2008-3475,"['CWE-20', 'CWE-400', 'CWE-772', 'CWE-401', 'CWE-74', 'CWE-908', 'CWE-1188', 'CWE-502', 'CWE-770', 'CWE-610']","[-3.066556  -3.4453957 -3.863589  -3.9926143 -4.052998  -4.149946
 -4.2574143 -4.329745  -4.3500934 -4.596993 ]",CWE-399
CVE-2008-3688,"['CWE-20', 'CWE-400', 'CWE-772', 'CWE-74', 'CWE-401', 'CWE-908', 'CWE-502', 'CWE-770', 'CWE-1188', 'CWE-610']","[-3.1102984 -3.4485798 -3.8422115 -4.0095663 -4.0134907 -4.1810465
 -4.322459  -4.331864  -4.350738  -4.584101 ]",CWE-399
CVE-2008-3799,"['CWE-20', 'CWE-400', 'CWE-74', 'CWE-772', 'CWE-401', 'CWE-502', 'CWE-770', 'CWE-1188', 'CWE-908', 'CWE-668']","[-3.4255316 -4.1668434 -4.2914886 -4.509804  -4.6261554 -4.694151
 -4.757998  -4.7602344 -4.771452  -4.827786 ]",CWE-399
CVE-2008-3964,"['CWE-20', 'CWE-400', 'CWE-401', 'CWE-74', 'CWE-772', 'CWE-908', 'CWE-502', 'CWE-770', 'CWE-1188', 'CWE-668']","[-3.5239215 -4.038036  -4.275517  -4.3354883 -4.344334  -4.4627314
 -4.515106  -4.6134152 -4.710713  -4.777863 ]",CWE-399
CVE-2008-4077,"['CWE-20', 'CWE-400', 'CWE-74', 'CWE-772', 'CWE-401', 'CWE-502', 'CWE-770', 'CWE-908', 'CWE-668', 'CWE-1188']","[-3.508266  -4.0973043 -4.331136  -4.540455  -4.5588007 -4.604825
 -4.752234  -4.755071  -4.859974  -4.8752456]",CWE-399
CVE-2008-4197,"['CWE-20', 'CWE-400', 'CWE-772', 'CWE-401', 'CWE-74', 'CWE-908', 'CWE-502', 'CWE-1188', 'CWE-770', 'CWE-610']","[-3.094335  -3.3989983 -3.840861  -4.0261173 -4.037019  -4.2186003
 -4.323485  -4.333606  -4.4024224 -4.601791 ]",CWE-399
CVE-2008-4302,"['CWE-20', 'CWE-400', 'CWE-74', 'CWE-401', 'CWE-772', 'CWE-908', 'CWE-770', 'CWE-1188', 'CWE-502', 'CWE-668']","[-3.4341245 -3.77668   -4.2209997 -4.264386  -4.306562  -4.325712
 -4.498587  -4.5142655 -4.573947  -4.669055 ]",CWE-399
CVE-2008-5021,"['CWE-20', 'CWE-400', 'CWE-401', 'CWE-502', 'CWE-74', 'CWE-772', 'CWE-770', 'CWE-668', 'CWE-908', 'CWE-665']","[-3.977313  -4.5300684 -4.692709  -4.7068405 -4.7291627 -4.807372
 -5.091406  -5.2376533 -5.24616   -5.4608383]",CWE-399
CVE-2008-5038,"['CWE-20', 'CWE-74', 'CWE-400', 'CWE-502', 'CWE-772', 'CWE-908', 'CWE-668', 'CWE-1188', 'CWE-401', 'CWE-770']","[-3.5224545 -4.1425405 -4.2042766 -4.6020417 -4.6121473 -4.6213627
 -4.6577744 -4.729593  -4.809631  -4.877938 ]",CWE-399
CVE-2008-5180,"['CWE-20', 'CWE-400', 'CWE-74', 'CWE-401', 'CWE-502', 'CWE-772', 'CWE-770', 'CWE-668', 'CWE-908', 'CWE-1188']","[-3.5315506 -3.9322972 -4.179081  -4.4039755 -4.414135  -4.457417
 -4.664912  -4.7038774 -4.735272  -4.859811 ]",CWE-399
CVE-2008-5183,"['CWE-20', 'CWE-400', 'CWE-74', 'CWE-772', 'CWE-908', 'CWE-401', 'CWE-770', 'CWE-502', 'CWE-668', 'CWE-1188']","[-3.2951446 -3.7863858 -3.9979928 -4.2080865 -4.2873096 -4.326735
 -4.3438797 -4.3962584 -4.461728  -4.5046687]",CWE-399
CVE-2009-0269,"['CWE-20', 'CWE-400', 'CWE-74', 'CWE-401', 'CWE-772', 'CWE-908', 'CWE-770', 'CWE-1188', 'CWE-502', 'CWE-668']","[-3.4622211 -3.8030381 -4.2597775 -4.271228  -4.3260565 -4.375716
 -4.524632  -4.5640535 -4.581219  -4.7053337]",CWE-399
CVE-2009-0581,"['CWE-20', 'CWE-400', 'CWE-772', 'CWE-74', 'CWE-401', 'CWE-908', 'CWE-502', 'CWE-1188', 'CWE-770', 'CWE-909']","[-3.1057055 -3.477032  -3.9516876 -4.054115  -4.0672135 -4.2189264
 -4.3336377 -4.348152  -4.423089  -4.637028 ]",CWE-399
CVE-2009-0749,"['CWE-20', 'CWE-400', 'CWE-772', 'CWE-401', 'CWE-74', 'CWE-908', 'CWE-1188', 'CWE-502', 'CWE-770', 'CWE-909']","[-3.0962346 -3.4338536 -3.85502   -4.0187297 -4.0957174 -4.172226
 -4.3450494 -4.3573527 -4.412556  -4.642518 ]",CWE-399
CVE-2009-0935,"['CWE-20', 'CWE-400', 'CWE-74', 'CWE-401', 'CWE-908', 'CWE-772', 'CWE-770', 'CWE-502', 'CWE-1188', 'CWE-668']","[-3.4511428 -3.8130298 -4.2400746 -4.2804155 -4.3248024 -4.334011
 -4.5193086 -4.53737   -4.546934  -4.6857224]",CWE-399
CVE-2009-0949,"['CWE-20', 'CWE-400', 'CWE-74', 'CWE-772', 'CWE-908', 'CWE-770', 'CWE-401', 'CWE-502', 'CWE-1188', 'CWE-668']","[-3.1772296 -3.8237088 -3.9975352 -4.2192183 -4.2436643 -4.3223925
 -4.349851  -4.4150143 -4.4506197 -4.511911 ]",CWE-399
CVE-2009-1378,"['CWE-20', 'CWE-400', 'CWE-74', 'CWE-502', 'CWE-401', 'CWE-772', 'CWE-770', 'CWE-908', 'CWE-668', 'CWE-1188']","[-3.6420121 -4.178638  -4.2683353 -4.4462123 -4.5169168 -4.5305166
 -4.740135  -4.749728  -4.800112  -5.043973 ]",CWE-399
CVE-2009-1387,"['CWE-20', 'CWE-400', 'CWE-74', 'CWE-502', 'CWE-401', 'CWE-772', 'CWE-770', 'CWE-668', 'CWE-908', 'CWE-665']","[-3.675418  -4.2282977 -4.2611217 -4.4612923 -4.5327654 -4.596977
 -4.7373047 -4.8213115 -4.9371214 -5.1569   ]",CWE-399
CVE-2009-1532,"['CWE-20', 'CWE-400', 'CWE-772', 'CWE-401', 'CWE-74', 'CWE-908', 'CWE-1188', 'CWE-502', 'CWE-770', 'CWE-610']","[-3.0836754 -3.4111912 -3.8588338 -4.0172424 -4.08396   -4.2072124
 -4.3550863 -4.3618    -4.3774486 -4.658422 ]",CWE-399
CVE-2009-1891,"['CWE-20', 'CWE-400', 'CWE-74', 'CWE-502', 'CWE-772', 'CWE-401', 'CWE-908', 'CWE-668', 'CWE-770', 'CWE-1188']","[-3.6491914 -4.229127  -4.322412  -4.555015  -4.6535873 -4.7813363
 -4.790222  -4.8824625 -4.9219375 -4.9271326]",CWE-399
CVE-2009-2416,"['CWE-20', 'CWE-400', 'CWE-401', 'CWE-74', 'CWE-772', 'CWE-908', 'CWE-502', 'CWE-770', 'CWE-665', 'CWE-668']","[-3.6282148 -4.02675   -4.411939  -4.415861  -4.483543  -4.523712
 -4.62599   -4.7133675 -4.8539524 -4.8746448]",CWE-399
CVE-2009-2540,"['CWE-20', 'CWE-74', 'CWE-400', 'CWE-908', 'CWE-772', 'CWE-668', 'CWE-1188', 'CWE-502', 'CWE-401', 'CWE-770']","[-3.229744  -4.066605  -4.087288  -4.503509  -4.553305  -4.5749583
 -4.660116  -4.69071   -4.7535515 -4.786374 ]",CWE-399
CVE-2009-2726,"['CWE-20', 'CWE-400', 'CWE-74', 'CWE-772', 'CWE-908', 'CWE-502', 'CWE-668', 'CWE-770', 'CWE-401', 'CWE-1188']","[-3.377139  -3.8637269 -3.9009085 -4.3663096 -4.415618  -4.459843
 -4.4695396 -4.4765997 -4.490957  -4.5531507]",CWE-399
CVE-2009-2857,"['CWE-20', 'CWE-74', 'CWE-400', 'CWE-502', 'CWE-772', 'CWE-401', 'CWE-908', 'CWE-668', 'CWE-1188', 'CWE-770']","[-3.8550007 -4.530844  -4.5768332 -4.9574122 -5.106772  -5.1570325
 -5.2025733 -5.2549815 -5.286256  -5.352978 ]",CWE-399
CVE-2009-3267,"['CWE-20', 'CWE-74', 'CWE-400', 'CWE-772', 'CWE-908', 'CWE-401', 'CWE-502', 'CWE-1188', 'CWE-668', 'CWE-770']","[-3.506034  -4.319654  -4.3868003 -4.628638  -4.733957  -4.9282465
 -4.9322805 -4.962818  -4.9714932 -4.998389 ]",CWE-399
CVE-2009-3270,"['CWE-20', 'CWE-400', 'CWE-74', 'CWE-772', 'CWE-908', 'CWE-401', 'CWE-1188', 'CWE-502', 'CWE-770', 'CWE-668']","[-3.3786588 -4.096907  -4.19289   -4.5674934 -4.5739703 -4.7685905
 -4.7727585 -4.779265  -4.854172  -4.8545437]",CWE-399
CVE-2009-3519,"['CWE-20', 'CWE-400', 'CWE-772', 'CWE-401', 'CWE-74', 'CWE-908', 'CWE-1188', 'CWE-502', 'CWE-770', 'CWE-909']","[-3.048965  -3.3905425 -3.8848562 -3.976491  -4.0390344 -4.150799
 -4.245774  -4.325022  -4.3473344 -4.5717173]",CWE-399
CVE-2009-3553,"['CWE-20', 'CWE-400', 'CWE-74', 'CWE-772', 'CWE-908', 'CWE-770', 'CWE-401', 'CWE-1188', 'CWE-502', 'CWE-668']","[-3.1892593 -3.8593621 -4.0071425 -4.2287483 -4.229826  -4.3292007
 -4.349351  -4.420328  -4.425156  -4.4681425]",CWE-399
CVE-2009-3616,"['CWE-20', 'CWE-400', 'CWE-401', 'CWE-772', 'CWE-74', 'CWE-908', 'CWE-502', 'CWE-770', 'CWE-1188', 'CWE-668']","[-3.566693  -4.0502324 -4.267892  -4.352441  -4.386936  -4.438556
 -4.5777855 -4.58614   -4.7631464 -4.82044  ]",CWE-399
CVE-2009-3658,"['CWE-20', 'CWE-400', 'CWE-772', 'CWE-74', 'CWE-401', 'CWE-908', 'CWE-502', 'CWE-1188', 'CWE-770', 'CWE-610']","[-3.0701296 -3.4726784 -3.8783514 -4.031805  -4.0335207 -4.208223
 -4.302863  -4.313284  -4.396993  -4.610864 ]",CWE-399
CVE-2009-4324,"['CWE-20', 'CWE-74', 'CWE-400', 'CWE-668', 'CWE-908', 'CWE-770', 'CWE-772', 'CWE-1188', 'CWE-401', 'CWE-665']","[-3.458531  -4.1080585 -4.131863  -4.4763927 -4.496533  -4.5975986
 -4.6033716 -4.645255  -4.6466036 -4.7273984]",CWE-399
CVE-2010-0050,"['CWE-20', 'CWE-400', 'CWE-74', 'CWE-908', 'CWE-1188', 'CWE-772', 'CWE-401', 'CWE-668', 'CWE-665', 'CWE-770']","[-3.4789817 -4.1115437 -4.314016  -4.462014  -4.544096  -4.614484
 -4.6710234 -4.722365  -4.7737126 -4.788768 ]",CWE-399
CVE-2010-0249,"['CWE-20', 'CWE-400', 'CWE-772', 'CWE-401', 'CWE-74', 'CWE-908', 'CWE-1188', 'CWE-502', 'CWE-770', 'CWE-610']","[-3.0792456 -3.4317467 -3.8626423 -3.982195  -4.020147  -4.154811
 -4.2729073 -4.3320875 -4.3706617 -4.599003 ]",CWE-399
CVE-2010-0302,"['CWE-20', 'CWE-400', 'CWE-74', 'CWE-772', 'CWE-908', 'CWE-770', 'CWE-401', 'CWE-502', 'CWE-668', 'CWE-1188']","[-3.2428677 -3.868937  -3.9565532 -4.240882  -4.255805  -4.347242
 -4.3885403 -4.449153  -4.482781  -4.489501 ]",CWE-399
CVE-2010-0629,"['CWE-20', 'CWE-400', 'CWE-74', 'CWE-502', 'CWE-772', 'CWE-401', 'CWE-770', 'CWE-908', 'CWE-668', 'CWE-665']","[-3.8404164 -4.441377  -4.533938  -4.6836987 -4.770359  -4.8097315
 -5.0231023 -5.02997   -5.124285  -5.277288 ]",CWE-399
CVE-2010-1208,"['CWE-20', 'CWE-400', 'CWE-74', 'CWE-502', 'CWE-401', 'CWE-772', 'CWE-908', 'CWE-668', 'CWE-770', 'CWE-665']","[-3.8334742 -4.424693  -4.6765313 -4.7835436 -4.8400207 -4.9225483
 -5.0621343 -5.141818  -5.1446524 -5.2462234]",CWE-399
CVE-2010-1282,"['CWE-20', 'CWE-400', 'CWE-772', 'CWE-401', 'CWE-74', 'CWE-908', 'CWE-1188', 'CWE-502', 'CWE-770', 'CWE-909']","[-3.0112622 -3.3367827 -3.81472   -3.9429362 -4.0424743 -4.1312265
 -4.245592  -4.319737  -4.3280644 -4.570864 ]",CWE-399
CVE-2010-2547,"['CWE-20', 'CWE-400', 'CWE-74', 'CWE-772', 'CWE-401', 'CWE-502', 'CWE-908', 'CWE-770', 'CWE-1188', 'CWE-668']","[-3.5492218 -3.9341266 -4.2653365 -4.3956513 -4.4786963 -4.5098224
 -4.6406765 -4.647592  -4.74472   -4.757493 ]",CWE-399
CVE-2010-2941,"['CWE-20', 'CWE-400', 'CWE-74', 'CWE-772', 'CWE-908', 'CWE-770', 'CWE-401', 'CWE-1188', 'CWE-502', 'CWE-668']","[-3.2367384 -3.856628  -4.0143504 -4.2662287 -4.269611  -4.3976564
 -4.4113746 -4.465684  -4.4831266 -4.5011773]",CWE-399
CVE-2010-3328,"['CWE-20', 'CWE-400', 'CWE-772', 'CWE-401', 'CWE-74', 'CWE-908', 'CWE-502', 'CWE-1188', 'CWE-770', 'CWE-610']","[-3.0355015 -3.3722277 -3.8123221 -3.9669185 -4.0414405 -4.1771135
 -4.2574024 -4.276724  -4.331871  -4.6121817]",CWE-399
CVE-2010-3452,"['CWE-20', 'CWE-400', 'CWE-74', 'CWE-401', 'CWE-772', 'CWE-502', 'CWE-908', 'CWE-770', 'CWE-668', 'CWE-665']","[-3.471412  -3.9344432 -4.1170754 -4.3217745 -4.328476  -4.343151
 -4.4792814 -4.5200686 -4.609694  -4.7896194]",CWE-399
CVE-2010-3962,"['CWE-20', 'CWE-400', 'CWE-772', 'CWE-401', 'CWE-74', 'CWE-908', 'CWE-502', 'CWE-1188', 'CWE-770', 'CWE-610']","[-3.0790973 -3.4874077 -3.8371491 -4.0206704 -4.046101  -4.197343
 -4.3312974 -4.3486085 -4.393096  -4.6081853]",CWE-399
CVE-2010-4168,"['CWE-20', 'CWE-400', 'CWE-74', 'CWE-772', 'CWE-908', 'CWE-401', 'CWE-668', 'CWE-770', 'CWE-502', 'CWE-1188']","[-3.4010606 -4.062744  -4.0822535 -4.4176645 -4.5005884 -4.527597
 -4.6118503 -4.65281   -4.6612496 -4.7012677]",CWE-399
CVE-2011-0419,"['CWE-20', 'CWE-400', 'CWE-74', 'CWE-502', 'CWE-772', 'CWE-401', 'CWE-668', 'CWE-770', 'CWE-908', 'CWE-665']","[-3.826135  -4.5584874 -4.5781984 -4.839689  -5.013908  -5.159948
 -5.191743  -5.3523016 -5.3789854 -5.472817 ]",CWE-399
CVE-2011-1002,"['CWE-20', 'CWE-400', 'CWE-74', 'CWE-401', 'CWE-772', 'CWE-502', 'CWE-908', 'CWE-1188', 'CWE-770', 'CWE-668']","[-3.4869025 -3.9430528 -4.1931043 -4.4047036 -4.457203  -4.536227
 -4.5479827 -4.643827  -4.666843  -4.775821 ]",CWE-399
CVE-2011-1142,"['CWE-20', 'CWE-400', 'CWE-772', 'CWE-74', 'CWE-908', 'CWE-1188', 'CWE-401', 'CWE-502', 'CWE-770', 'CWE-668']","[-3.1299176 -4.0352325 -4.2489023 -4.2573986 -4.364959  -4.394519
 -4.426476  -4.5750227 -4.5823    -4.701046 ]",CWE-399
CVE-2011-1755,"['CWE-20', 'CWE-400', 'CWE-772', 'CWE-401', 'CWE-74', 'CWE-908', 'CWE-502', 'CWE-1188', 'CWE-770', 'CWE-909']","[-3.1605773 -3.471518  -3.9203606 -4.048065  -4.0525618 -4.2056527
 -4.3501325 -4.413376  -4.4154787 -4.6575837]",CWE-399
CVE-2011-3192,"['CWE-20', 'CWE-400', 'CWE-74', 'CWE-502', 'CWE-772', 'CWE-908', 'CWE-401', 'CWE-1188', 'CWE-668', 'CWE-770']","[-3.6144464 -4.2131205 -4.330712  -4.5878177 -4.6456265 -4.745866
 -4.8082476 -4.8875155 -4.895817  -4.944215 ]",CWE-399
CVE-2011-3288,"['CWE-20', 'CWE-400', 'CWE-772', 'CWE-401', 'CWE-74', 'CWE-908', 'CWE-1188', 'CWE-502', 'CWE-770', 'CWE-610']","[-3.0618834 -3.3991961 -3.8616655 -4.0027623 -4.043822  -4.1879296
 -4.293818  -4.309116  -4.366646  -4.6382365]",CWE-399
CVE-2011-3348,"['CWE-20', 'CWE-400', 'CWE-74', 'CWE-502', 'CWE-772', 'CWE-908', 'CWE-401', 'CWE-668', 'CWE-1188', 'CWE-770']","[-3.6793075 -4.2345567 -4.3401556 -4.604755  -4.7241    -4.8147464
 -4.823683  -4.927513  -4.9653864 -5.005793 ]",CWE-399
CVE-2012-0876,"['CWE-20', 'CWE-400', 'CWE-74', 'CWE-772', 'CWE-401', 'CWE-502', 'CWE-908', 'CWE-770', 'CWE-1188', 'CWE-668']","[-3.3193266 -3.8136163 -4.08233   -4.297147  -4.32196   -4.3925896
 -4.3936396 -4.469028  -4.5381765 -4.58725  ]",CWE-399
CVE-2012-2539,"['CWE-20', 'CWE-74', 'CWE-502', 'CWE-400', 'CWE-668', 'CWE-401', 'CWE-772', 'CWE-908', 'CWE-665', 'CWE-770']","[-4.443221  -4.728423  -4.842938  -4.977146  -5.1724377 -5.5029397
 -5.5452476 -5.6279488 -5.7146206 -5.7723074]",CWE-399
CVE-2012-4792,"['CWE-20', 'CWE-400', 'CWE-772', 'CWE-401', 'CWE-74', 'CWE-908', 'CWE-502', 'CWE-770', 'CWE-1188', 'CWE-909']","[-3.1568017 -3.4231942 -3.820634  -3.9723268 -4.1081705 -4.211383
 -4.3032713 -4.335748  -4.4054265 -4.659078 ]",CWE-399
CVE-2012-6638,"['CWE-20', 'CWE-400', 'CWE-74', 'CWE-401', 'CWE-908', 'CWE-772', 'CWE-770', 'CWE-502', 'CWE-1188', 'CWE-668']","[-3.4120407 -3.7579162 -4.2237134 -4.228714  -4.291715  -4.2973056
 -4.476947  -4.5138197 -4.5599694 -4.6940165]",CWE-399
CVE-2013-0880,"['CWE-20', 'CWE-400', 'CWE-401', 'CWE-74', 'CWE-772', 'CWE-502', 'CWE-908', 'CWE-770', 'CWE-668', 'CWE-665']","[-3.6154842 -3.9985912 -4.430615  -4.461179  -4.493645  -4.556856
 -4.687229  -4.772907  -4.936421  -4.966637 ]",CWE-399
CVE-2013-0898,"['CWE-20', 'CWE-400', 'CWE-74', 'CWE-401', 'CWE-772', 'CWE-502', 'CWE-908', 'CWE-770', 'CWE-668', 'CWE-665']","[-3.5744853 -3.9488058 -4.4104233 -4.4259343 -4.4348373 -4.5064
 -4.671847  -4.7099757 -4.8771267 -4.9616   ]",CWE-399
CVE-2013-2789,"['CWE-20', 'CWE-400', 'CWE-74', 'CWE-401', 'CWE-772', 'CWE-502', 'CWE-770', 'CWE-908', 'CWE-668', 'CWE-1188']","[-3.5040066 -3.8617876 -4.1142435 -4.340797  -4.425798  -4.478232
 -4.5977516 -4.6244755 -4.7112303 -4.7488575]",CWE-399
CVE-2013-3897,"['CWE-20', 'CWE-400', 'CWE-74', 'CWE-772', 'CWE-908', 'CWE-401', 'CWE-502', 'CWE-770', 'CWE-1188', 'CWE-668']","[-3.4214752 -4.1051145 -4.233446  -4.5321097 -4.612941  -4.7583156
 -4.7615314 -4.837729  -4.8696346 -4.8947315]",CWE-399
CVE-2013-5567,"['CWE-20', 'CWE-400', 'CWE-74', 'CWE-772', 'CWE-908', 'CWE-1188', 'CWE-502', 'CWE-401', 'CWE-770', 'CWE-668']","[-3.0623572 -3.9542708 -4.0744386 -4.343615  -4.430878  -4.4940796
 -4.532034  -4.5402126 -4.578767  -4.5954795]",CWE-399
CVE-2013-6707,"['CWE-20', 'CWE-400', 'CWE-74', 'CWE-772', 'CWE-908', 'CWE-1188', 'CWE-401', 'CWE-770', 'CWE-502', 'CWE-668']","[-3.019955  -3.8726158 -3.98346   -4.243853  -4.386373  -4.430712
 -4.5096183 -4.521163  -4.5246544 -4.527476 ]",CWE-399
CVE-2014-0118,"['CWE-20', 'CWE-400', 'CWE-74', 'CWE-502', 'CWE-772', 'CWE-401', 'CWE-908', 'CWE-770', 'CWE-668', 'CWE-1188']","[-3.6715531 -4.2685623 -4.3060064 -4.567196  -4.7025757 -4.809929
 -4.828791  -4.9595757 -4.9603686 -4.965121 ]",CWE-399
CVE-2014-0502,"['CWE-20', 'CWE-74', 'CWE-400', 'CWE-908', 'CWE-772', 'CWE-502', 'CWE-668', 'CWE-401', 'CWE-770', 'CWE-1188']","[-3.614777  -4.0492907 -4.5065775 -4.67146   -4.731497  -4.768402
 -4.7706995 -4.868799  -4.925906  -4.959663 ]",CWE-399
CVE-2014-1713,"['CWE-20', 'CWE-400', 'CWE-772', 'CWE-74', 'CWE-401', 'CWE-908', 'CWE-1188', 'CWE-502', 'CWE-770', 'CWE-909']","[-3.0964074 -3.3948152 -3.8585756 -3.9797757 -3.9890988 -4.1289754
 -4.2760086 -4.289527  -4.368683  -4.5412607]",CWE-399
CVE-2014-1732,"['CWE-20', 'CWE-400', 'CWE-772', 'CWE-401', 'CWE-74', 'CWE-908', 'CWE-1188', 'CWE-502', 'CWE-770', 'CWE-909']","[-3.030317  -3.3608072 -3.8464048 -3.9745066 -4.048578  -4.137061
 -4.2214046 -4.30379   -4.346696  -4.545306 ]",CWE-399
CVE-2014-1943,"['CWE-20', 'CWE-400', 'CWE-772', 'CWE-74', 'CWE-401', 'CWE-908', 'CWE-1188', 'CWE-502', 'CWE-770', 'CWE-909']","[-3.0955243 -3.4457037 -3.91038   -4.002035  -4.0209413 -4.1258245
 -4.211122  -4.350046  -4.398269  -4.566999 ]",CWE-399
CVE-2014-2497,"['CWE-20', 'CWE-400', 'CWE-74', 'CWE-772', 'CWE-502', 'CWE-1188', 'CWE-908', 'CWE-401', 'CWE-770', 'CWE-668']","[-3.3494937 -4.1280575 -4.367773  -4.4665847 -4.641141  -4.668067
 -4.6704893 -4.6844764 -4.7050257 -4.8255515]",CWE-399
CVE-2014-3407,"['CWE-20', 'CWE-400', 'CWE-74', 'CWE-772', 'CWE-908', 'CWE-1188', 'CWE-502', 'CWE-401', 'CWE-770', 'CWE-668']","[-3.104442  -3.9922354 -4.157238  -4.337151  -4.4453726 -4.4713774
 -4.5064516 -4.516969  -4.5776124 -4.6529446]",CWE-399
CVE-2014-3581,"['CWE-20', 'CWE-400', 'CWE-772', 'CWE-74', 'CWE-401', 'CWE-908', 'CWE-1188', 'CWE-502', 'CWE-770', 'CWE-909']","[-3.1356487 -3.4812846 -3.8988495 -4.0301    -4.0608096 -4.1486197
 -4.270311  -4.3953586 -4.4120355 -4.589378 ]",CWE-399
CVE-2015-1641,"['CWE-20', 'CWE-74', 'CWE-502', 'CWE-400', 'CWE-668', 'CWE-401', 'CWE-772', 'CWE-908', 'CWE-770', 'CWE-665']","[-4.434633  -4.7445593 -4.8037333 -4.9780083 -5.239381  -5.509612
 -5.617145  -5.774468  -5.7968163 -5.8444724]",CWE-399
CVE-2015-8315,"['CWE-20', 'CWE-400', 'CWE-74', 'CWE-772', 'CWE-502', 'CWE-401', 'CWE-908', 'CWE-1188', 'CWE-668', 'CWE-770']","[-3.4025204 -3.8804493 -4.1261563 -4.3810835 -4.416517  -4.484202
 -4.486328  -4.5908723 -4.6061893 -4.694142 ]",CWE-399
CVE-2015-8785,"['CWE-20', 'CWE-400', 'CWE-401', 'CWE-74', 'CWE-772', 'CWE-908', 'CWE-770', 'CWE-502', 'CWE-1188', 'CWE-668']","[-3.3622992 -3.7218418 -4.1977043 -4.213782  -4.2496605 -4.294511
 -4.4392776 -4.480926  -4.499263  -4.6477556]",CWE-399
CVE-2015-8854,"['CWE-20', 'CWE-400', 'CWE-74', 'CWE-772', 'CWE-502', 'CWE-401', 'CWE-908', 'CWE-770', 'CWE-1188', 'CWE-668']","[-3.42411   -3.8366613 -4.0921    -4.301763  -4.3462234 -4.4418015
 -4.4849777 -4.6065845 -4.6336703 -4.671224 ]",CWE-399
CVE-2016-0877,"['CWE-20', 'CWE-400', 'CWE-772', 'CWE-401', 'CWE-74', 'CWE-908', 'CWE-1188', 'CWE-770', 'CWE-502', 'CWE-909']","[-3.138384  -3.4609857 -3.8987083 -4.0157723 -4.0833387 -4.1847463
 -4.336344  -4.354869  -4.3883696 -4.6448665]",CWE-399
CVE-2016-4055,"['CWE-20', 'CWE-400', 'CWE-74', 'CWE-502', 'CWE-772', 'CWE-1188', 'CWE-908', 'CWE-401', 'CWE-770', 'CWE-668']","[-3.325068  -3.9332123 -4.0373015 -4.3818107 -4.4183517 -4.5523014
 -4.552685  -4.601409  -4.6478815 -4.6681104]",CWE-399
CVE-2016-5042,"['CWE-20', 'CWE-400', 'CWE-74', 'CWE-772', 'CWE-908', 'CWE-770', 'CWE-401', 'CWE-502', 'CWE-668', 'CWE-1188']","[-3.2403347 -3.8635445 -4.15805   -4.180245  -4.2022743 -4.30791
 -4.318102  -4.480905  -4.5537844 -4.575101 ]",CWE-399
CVE-2016-6304,"['CWE-20', 'CWE-400', 'CWE-74', 'CWE-502', 'CWE-401', 'CWE-772', 'CWE-770', 'CWE-668', 'CWE-908', 'CWE-1188']","[-3.6085227 -4.033847  -4.2232666 -4.4132423 -4.456987  -4.461869
 -4.695442  -4.696255  -4.769121  -4.998776 ]",CWE-399
CVE-2016-8368,"['CWE-20', 'CWE-400', 'CWE-772', 'CWE-401', 'CWE-74', 'CWE-908', 'CWE-1188', 'CWE-502', 'CWE-770', 'CWE-610']","[-3.0706937 -3.407015  -3.8726947 -4.0086975 -4.009925  -4.2027807
 -4.265663  -4.319274  -4.3870325 -4.6070976]",CWE-399
CVE-2019-12041,"['CWE-20', 'CWE-400', 'CWE-772', 'CWE-401', 'CWE-74', 'CWE-908', 'CWE-1188', 'CWE-502', 'CWE-770', 'CWE-909']","[-3.0364447 -3.4516642 -3.841097  -3.995918  -4.03952   -4.1106815
 -4.2488446 -4.3025165 -4.392183  -4.571391 ]",CWE-399
CVE-2021-1313,"['CWE-20', 'CWE-400', 'CWE-74', 'CWE-772', 'CWE-908', 'CWE-1188', 'CWE-770', 'CWE-668', 'CWE-401', 'CWE-502']","[-3.0476048 -4.042283  -4.152245  -4.400846  -4.4380336 -4.5238914
 -4.6217446 -4.6324306 -4.6497436 -4.6858487]",CWE-399
CVE-2021-1569,"['CWE-20', 'CWE-400', 'CWE-74', 'CWE-502', 'CWE-772', 'CWE-668', 'CWE-401', 'CWE-1188', 'CWE-770', 'CWE-908']","[-3.2479954 -3.8046713 -3.8730595 -4.3475027 -4.390378  -4.4052706
 -4.5353537 -4.542145  -4.5465336 -4.5927706]",CWE-399
