CVE,CWE,Rank
CVE-2009-1596,CWE-287,1
CVE-2002-0083,CWE-193,6
CVE-2005-2976,CWE-190,2
CVE-2006-4519,CWE-190,2
CVE-2007-2052,CWE-193,6
CVE-2007-2834,CWE-190,1
CVE-2007-4268,CWE-681,8
CVE-2007-4965,CWE-190,2
CVE-2007-4988,CWE-681,8
CVE-2007-6353,CWE-190,2
CVE-2008-1679,CWE-190,2
CVE-2008-1721,CWE-681,7
CVE-2008-2315,CWE-190,2
CVE-2008-3143,CWE-190,2
CVE-2008-3144,CWE-190,2
CVE-2008-3282,CWE-681,8
CVE-2008-4019,CWE-190,2
CVE-2008-4864,CWE-190,2
CVE-2009-0586,CWE-190,2
CVE-2009-0723,CWE-190,2
CVE-2009-1217,CWE-193,6
CVE-2009-1570,CWE-190,2
CVE-2009-1887,CWE-369,3
CVE-2009-2949,CWE-190,2
CVE-2009-3301,CWE-191,4
CVE-2009-3909,CWE-190,2
CVE-2010-0129,CWE-190,2
CVE-2010-0130,CWE-190,2
CVE-2010-1634,CWE-190,2
CVE-2010-1866,CWE-190,2
CVE-2010-2753,CWE-190,1
CVE-2010-3454,CWE-193,6
CVE-2011-1027,CWE-193,6
CVE-2011-1178,CWE-190,2
CVE-2011-1823,CWE-190,2
CVE-2012-3481,CWE-190,2
CVE-2012-5054,CWE-190,2
CVE-2013-0891,CWE-190,1
CVE-2013-0897,CWE-193,6
CVE-2013-0899,CWE-190,1
CVE-2013-1591,CWE-190,1
CVE-2013-1913,CWE-190,1
CVE-2013-2596,CWE-190,2
CVE-2013-2729,CWE-190,2
CVE-2013-6424,CWE-191,3
CVE-2013-7437,CWE-190,2
CVE-2014-0497,CWE-191,5
CVE-2014-1736,CWE-190,2
CVE-2015-0537,CWE-191,4
CVE-2015-1283,CWE-190,1
CVE-2015-2305,CWE-190,1
CVE-2015-5212,CWE-191,4
CVE-2015-8080,CWE-190,1
CVE-2015-8387,CWE-190,1
CVE-2015-8394,CWE-190,2
CVE-2015-8651,CWE-190,2
CVE-2016-0963,CWE-190,2
CVE-2016-0993,CWE-190,2
CVE-2016-1010,CWE-190,2
CVE-2016-2105,CWE-190,1
CVE-2016-3074,CWE-681,8
CVE-2016-4344,CWE-190,2
CVE-2016-4345,CWE-190,2
CVE-2016-4346,CWE-190,2
CVE-2015-7378,CWE-276,9
CVE-2016-1908,CWE-287,2
CVE-2016-3943,CWE-276,9
CVE-2008-0141,CWE-330,10
CVE-2009-2158,CWE-330,10
CVE-2010-1573,CWE-798,3
CVE-2010-2073,CWE-798,3
CVE-2010-2772,CWE-798,4
CVE-2012-4028,CWE-522,2
CVE-2012-5627,CWE-522,2
CVE-2013-0625,CWE-287,1
CVE-2006-6679,CWE-863,9
CVE-2007-0802,CWE-20,7
CVE-2008-3424,CWE-863,10
CVE-2008-4577,CWE-863,9
CVE-2009-0034,CWE-863,9
CVE-2009-3107,CWE-287,5
CVE-2009-3781,CWE-862,10
CVE-2010-2965,CWE-863,9
CVE-2010-3689,CWE-22,2
CVE-2010-4296,CWE-863,9
CVE-2011-1207,CWE-863,9
CVE-2012-4027,CWE-22,2
CVE-2013-0543,CWE-863,9
CVE-2013-3993,CWE-22,2
CVE-2013-6926,CWE-863,9
CVE-2014-3575,CWE-200,3
CVE-2016-3376,CWE-269,4
CVE-2016-6914,CWE-276,3
CVE-2005-2946,CWE-327,6
CVE-2007-5460,CWE-327,6
CVE-2007-6755,CWE-327,6
CVE-2008-0166,CWE-338,9
CVE-2008-1526,CWE-916,8
CVE-2008-3775,CWE-327,6
CVE-2008-4905,CWE-330,10
CVE-2008-4929,CWE-330,10
CVE-2008-5162,CWE-330,10
CVE-2009-0255,CWE-330,9
CVE-2009-2273,CWE-327,6
CVE-2009-2367,CWE-338,9
CVE-2009-3238,CWE-338,10
CVE-2009-3278,CWE-338,9
CVE-2012-3025,CWE-522,2
CVE-2015-0533,CWE-327,6
CVE-2015-3962,CWE-522,2
CVE-2016-5431,CWE-327,6
CVE-2019-9506,CWE-327,7
CVE-2001-0136,CWE-401,5
CVE-2005-3119,CWE-401,4
CVE-2005-3181,CWE-401,4
CVE-2007-2274,CWE-401,4
CVE-2008-0132,CWE-400,2
CVE-2008-1700,CWE-770,8
CVE-2008-2122,CWE-772,4
CVE-2008-2364,CWE-770,10
CVE-2008-3475,CWE-908,6
CVE-2008-3688,CWE-908,6
CVE-2008-3799,CWE-772,4
CVE-2008-4077,CWE-400,2
CVE-2008-4197,CWE-908,6
CVE-2008-5180,CWE-770,7
CVE-2009-0581,CWE-401,5
CVE-2009-0949,CWE-908,5
CVE-2009-1378,CWE-401,5
CVE-2009-1891,CWE-400,2
CVE-2009-2540,CWE-770,10
CVE-2009-2726,CWE-770,8
CVE-2009-3267,CWE-400,3
CVE-2009-3270,CWE-400,2
CVE-2009-3519,CWE-772,3
CVE-2011-0419,CWE-770,8
CVE-2011-3192,CWE-400,2
CVE-2011-3348,CWE-400,2
CVE-2012-0876,CWE-400,2
CVE-2012-6638,CWE-400,2
CVE-2013-5567,CWE-400,2
CVE-2013-6707,CWE-772,4
CVE-2014-0118,CWE-400,2
CVE-2014-3407,CWE-400,2
CVE-2016-0877,CWE-772,3
CVE-2016-4055,CWE-400,2
CVE-2016-6304,CWE-401,5
CVE-2021-1313,CWE-401,9
CVE-2021-1569,CWE-20,1
CVE-2014-3394,CWE-287,1
CVE-2020-16247,CWE-22,2
CVE-2015-1770,CWE-119,2
CVE-2008-4989,CWE-287,1
CVE-2016-7043,CWE-522,2
CVE-2007-4000,CWE-119,10
CVE-2008-6827,CWE-287,5
CVE-2009-3046,CWE-287,7
CVE-2010-0136,CWE-78,7
CVE-2012-3503,CWE-287,6
CVE-2013-4480,CWE-22,1
CVE-2016-0099,CWE-20,3
CVE-2016-0762,CWE-200,7
CVE-2016-4656,CWE-119,4
CVE-2020-12028,CWE-287,6
CVE-2006-7142,CWE-287,1
CVE-2009-3555,CWE-287,1
CVE-2010-1378,CWE-287,1
CVE-2012-2441,CWE-287,1
CVE-2012-2993,CWE-287,1
CVE-2012-3037,CWE-287,1
CVE-2012-5810,CWE-287,1
CVE-2012-5821,CWE-287,1
CVE-2015-4094,CWE-287,1
CVE-2015-8960,CWE-287,1
CVE-2019-1940,CWE-287,1
CVE-2017-2625,CWE-330,2
CVE-2010-0128,CWE-20,1
CVE-2010-2753,CWE-20,2
CVE-2015-2387,CWE-20,2
CVE-2013-1620,CWE-668,4
CVE-2006-4434,CWE-20,1
CVE-2008-0077,CWE-20,1
CVE-2008-2944,CWE-20,1
CVE-2008-3281,CWE-400,2
CVE-2008-3471,CWE-20,1
CVE-2008-5038,CWE-20,1
CVE-2009-0269,CWE-20,1
CVE-2009-0749,CWE-20,1
CVE-2009-1532,CWE-20,1
CVE-2009-2416,CWE-20,1
CVE-2009-3553,CWE-20,1
CVE-2009-3616,CWE-20,1
CVE-2009-3658,CWE-20,1
CVE-2009-4324,CWE-20,1
CVE-2010-0050,CWE-20,1
CVE-2010-0249,CWE-20,1
CVE-2010-0302,CWE-20,1
CVE-2010-0629,CWE-20,1
CVE-2010-1208,CWE-20,1
CVE-2010-2547,CWE-20,1
CVE-2010-2941,CWE-20,1
CVE-2010-3328,CWE-20,1
CVE-2010-3452,CWE-20,1
CVE-2010-3962,CWE-20,1
CVE-2010-4168,CWE-20,1
CVE-2011-1755,CWE-400,2
CVE-2011-3288,CWE-400,2
CVE-2012-2539,CWE-20,1
CVE-2012-4792,CWE-20,1
CVE-2013-0880,CWE-20,1
CVE-2013-0898,CWE-20,1
CVE-2013-3897,CWE-20,1
CVE-2014-0502,CWE-20,1
CVE-2014-1713,CWE-20,1
CVE-2014-1732,CWE-20,1
CVE-2015-1641,CWE-20,1
CVE-2015-8315,CWE-400,2
CVE-2015-8854,CWE-400,2
CVE-2019-12041,CWE-400,2
