CVE,Old CWE,New CWE,Remap Date,Exploit Date,Description
CVE-2007-5659,CWE-119,CWE-120,2024-06-28T14:15:25.460,2022-06-08,Adobe Acrobat and Reader Buffer Overflow Vulnerability
CVE-2008-2992,CWE-119,CWE-787,2024-07-16T17:41:48.540,2022-03-03,Adobe Reader and Acrobat Input Validation Vulnerability
CVE-2009-0563,CWE-119,CWE-787,2024-06-28T14:15:58.277,2022-06-08,Microsoft Office Buffer Overflow Vulnerability
CVE-2009-3953,CWE-119,CWE-787,2024-06-28T14:20:25.380,2022-06-08,Adobe Acrobat and Reader Universal 3D Remote Code Execution Vulnerability
CVE-2010-2572,CWE-119,CWE-120,2024-06-28T14:16:06.997,2022-06-08,Microsoft PowerPoint Buffer Overflow Vulnerability
CVE-2010-2883,CWE-119,CWE-787,2024-06-28T14:16:27.403,2022-06-08,Adobe Acrobat and Reader Stack-Based Buffer Overflow Vulnerability
CVE-2010-3333,CWE-119,CWE-787,2024-07-16T17:38:35.610,2022-03-03,Microsoft Office Stack-based Buffer Overflow Vulnerability
CVE-2010-4344,CWE-119,CWE-787,2024-07-16T17:57:44.777,2022-03-25,Exim Heap-Based Buffer Overflow Vulnerability
CVE-2010-4398,CWE-119,CWE-787,2024-07-09T18:24:01.510,2022-03-28,Microsoft Windows Kernel Stack-Based Buffer Overflow Vulnerability
CVE-2011-0611,CWE-119,CWE-843,2024-02-02T02:39:19.273,2022-03-03,Adobe Flash Player Remote Code Execution Vulnerability
CVE-2012-0754,CWE-119,CWE-787,2023-01-30T18:00:57.870,2022-06-08,Adobe Flash Player Memory Corruption Vulnerability
CVE-2012-1889,CWE-119,CWE-787,2024-06-28T14:18:20.633,2022-06-08,Microsoft XML Core Services Memory Corruption Vulnerability
CVE-2013-1331,CWE-119,CWE-120,2024-06-28T14:18:56.460,2022-06-08,Microsoft Office Buffer Overflow Vulnerability
CVE-2013-1675,CWE-119,CWE-665,2024-07-16T17:35:45.587,2022-03-03,Mozilla Firefox Information Disclosure Vulnerability
CVE-2013-3346,CWE-119,CWE-787,2024-07-24T14:29:18.167,2022-03-03,Adobe Reader and Acrobat Memory Corruption Vulnerability
CVE-2014-0160,CWE-119,CWE-125,2023-02-10T16:58:22.940,2022-05-04,OpenSSL Information Disclosure Vulnerability
CVE-2014-1761,CWE-119,CWE-787,2024-07-24T16:05:50.627,2022-02-15,Microsoft Word Memory Corruption Vulnerability
CVE-2014-4404,CWE-119,CWE-787,2024-07-24T16:04:19.077,2022-02-10,Apple OS X Heap-Based Buffer Overflow Vulnerability
CVE-2015-1642,CWE-119,CWE-787,2024-07-16T17:34:22.500,2022-03-03,Microsoft Office Memory Corruption Vulnerability
CVE-2015-2419,CWE-119,CWE-787,2024-07-09T18:24:22.633,2022-03-28,Microsoft Internet Explorer Memory Corruption Vulnerability
CVE-2015-2424,CWE-119,CWE-787,2024-07-16T17:42:52.617,2022-03-03,Microsoft PowerPoint Memory Corruption Vulnerability
CVE-2015-2425,CWE-119,CWE-787,2024-06-28T17:22:23.870,2022-05-25,Microsoft Internet Explorer Memory Corruption Vulnerability
CVE-2015-2502,CWE-119,CWE-787,2024-07-02T17:42:08.440,2022-04-13,Microsoft Internet Explorer Memory Corruption Vulnerability
CVE-2015-3113,CWE-119,CWE-787,2024-07-02T17:41:54.860,2022-04-13,Adobe Flash Player Heap-Based Buffer Overflow Vulnerability
CVE-2015-5119,CWE-119,CWE-416,2024-07-16T17:24:10.413,2022-03-03,Adobe Flash Player Use-After-Free Vulnerability
CVE-2016-0189,CWE-119,CWE-787,2024-07-09T18:25:02.257,2022-03-28,Microsoft Internet Explorer Memory Corruption Vulnerability
CVE-2016-10174,CWE-119,CWE-120,2024-07-16T17:58:42.373,2022-03-25,NETGEAR WNR2000v5 Router Buffer Overflow Vulnerability
CVE-2016-1646,CWE-119,CWE-125,2024-06-28T14:19:18.853,2022-06-08,Google Chromium V8 Out-of-Bounds Read Vulnerability
CVE-2016-4523,CWE-119,CWE-125,2024-07-02T16:57:38.093,2022-04-15,Trihedral VTScada (formerly VTS) Denial-of-Service Vulnerability
CVE-2016-4657,CWE-119,CWE-787,2024-07-02T12:22:23.777,2022-05-24,Apple iOS Webkit Memory Corruption Vulnerability
CVE-2016-6366,CWE-119,CWE-120,2024-07-02T13:08:59.660,2022-05-24,Cisco Adaptive Security Appliance (ASA) SNMP Buffer Overflow Vulnerability
CVE-2016-7200,CWE-119,CWE-787,2024-07-09T18:21:29.030,2022-03-28,Microsoft Edge Memory Corruption Vulnerability
CVE-2016-7201,CWE-119,CWE-843,2024-07-09T18:21:10.790,2022-03-28,Microsoft Edge Memory Corruption Vulnerability
CVE-2017-0149,CWE-119,CWE-787,2024-07-02T13:00:58.033,2022-05-24,Microsoft Internet Explorer Memory Corruption Vulnerability
CVE-2017-0222,CWE-119,CWE-787,2024-07-24T16:19:54.907,2022-02-25,Microsoft Internet Explorer Remote Code Execution Vulnerability
CVE-2017-5030,CWE-119,CWE-125,2022-04-22T20:19:28.117,2022-06-08,Google Chromium V8 Memory Corruption Vulnerability
CVE-2017-6862,CWE-119,CWE-120,2024-06-28T14:21:28.397,2022-06-08,NETGEAR Multiple Devices Buffer Overflow Vulnerability
CVE-2017-7269,CWE-119,CWE-120,2024-07-25T14:01:24.993,2021-11-03,Microsoft Windows Server Buffer Overflow Vulnerability
CVE-2017-8540,CWE-119,CWE-787,2024-07-24T14:25:58.890,2022-03-03,Microsoft Malware Protection Engine Improper Restriction of Operations Vulnerability
CVE-2018-6789,CWE-119,CWE-120,2024-07-25T13:47:22.870,2021-11-03,Exim Buffer Overflow Vulnerability
CVE-2021-21220,CWE-119,CWE-787,2022-06-28T14:11:45.273,2021-11-03,Google Chromium V8 Improper Input Validation Vulnerability
CVE-2021-26411,CWE-119,CWE-416,2023-08-08T14:21:49.707,2021-11-03,Microsoft Internet Explorer Memory Corruption Vulnerability
CVE-2010-1871,CWE-20,CWE-917,2024-07-24T16:52:37.203,2021-12-10,Red Hat Linux JBoss Seam 2 Remote Code Execution Vulnerability
CVE-2010-3904,CWE-20,CWE-1284,2024-06-27T19:23:03.690,2023-05-12,Linux Kernel Improper Input Validation Vulnerability
CVE-2013-2251,CWE-20,CWE-74,2024-07-16T17:57:08.157,2022-03-25,Apache Struts Improper Input Validation Vulnerability
CVE-2016-3088,CWE-20,CWE-434,2024-07-24T16:04:58.397,2022-02-10,Apache ActiveMQ Improper Input Validation Vulnerability
CVE-2016-3718,CWE-20,CWE-918,2024-07-24T17:05:54.857,2021-11-03,ImageMagick Server-Side Request Forgery (SSRF) Vulnerability
CVE-2017-11357,CWE-20,CWE-434,2024-06-28T13:44:56.073,2023-01-26,Telerik UI for ASP.NET AJAX Insecure Direct Object Reference Vulnerability
CVE-2017-5638,CWE-20,CWE-755,2024-07-25T13:58:42.967,2021-11-03,Apache Struts Remote Code Execution Vulnerability
CVE-2018-1273,CWE-20,CWE-74,2024-07-16T17:53:13.477,2022-03-25,VMware Tanzu Spring Data Commons Property Binder Vulnerability
CVE-2019-10149,CWE-20,CWE-78,2021-10-28T12:16:33.600,2022-01-10,Exim Mail Transfer Agent (MTA) Improper Input Validation
CVE-2020-0646,CWE-20,CWE-78,2022-07-12T17:42:04.277,2021-11-03,Microsoft .NET Framework Remote Code Execution Vulnerability
CVE-2020-3452,CWE-20,CWE-22,2022-09-20T16:59:37.610,2021-11-03,Cisco ASA and FTD Read-Only Path Traversal Vulnerability
CVE-2020-8195,CWE-20,CWE-22,2022-09-20T17:23:50.867,2021-11-03,"Citrix ADC, Gateway, and SD-WAN WANOP Appliance Information Disclosure Vulnerability"
CVE-2021-22205,CWE-20,CWE-94,2022-07-12T17:42:04.277,2021-11-03,GitLab Community and Enterprise Editions Remote Code Execution Vulnerability
CVE-2013-0632,CWE-200,CWE-276,2024-07-16T17:36:47.367,2022-03-03,Adobe ColdFusion Authentication Bypass Vulnerability
CVE-2017-0022,CWE-200,CWE-119,2024-07-02T12:59:23.083,2022-05-24,Microsoft XML Core Services Information Disclosure Vulnerability
CVE-2019-7192,CWE-200,CWE-863,2021-07-21T11:39:23.747,2022-06-08,QNAP Photo Station Improper Access Control Vulnerability
CVE-2019-7481,CWE-200,CWE-89,2021-09-14T11:50:51.967,2021-11-03,SonicWall SMA100 SQL Injection Vulnerability
CVE-2020-0787,CWE-269,CWE-59,2022-07-12T17:42:04.277,2022-01-28,Microsoft Windows Background Intelligent Transfer Service (BITS) Improper Privilege Management Vulnerability
CVE-2021-1732,CWE-269,CWE-787,2023-08-08T14:21:49.707,2021-11-03,Microsoft Win32k Privilege Escalation Vulnerability
CVE-2021-1782,CWE-269,CWE-667,2023-08-08T14:21:49.707,2021-11-03,Apple Multiple Products Race Condition Vulnerability
CVE-2021-21972,CWE-269,CWE-22,2022-07-12T17:42:04.277,2021-11-03,VMware vCenter Server Remote Code Execution Vulnerability
CVE-2021-23874,CWE-269,CWE-732,2023-06-30T17:49:58.300,2021-11-03,McAfee Total Protection (MTP) Improper Privilege Management Vulnerability
CVE-2021-28310,CWE-269,CWE-787,2023-08-08T14:21:49.707,2021-11-03,Microsoft Win32k Privilege Escalation Vulnerability
CVE-2021-28664,CWE-269,CWE-787,2022-05-03T16:04:40.443,2021-11-03,Arm Mali Graphics Processing Unit (GPU) Unspecified Vulnerability
CVE-2021-31956,CWE-269,CWE-191,2023-08-08T14:22:24.967,2021-11-03,Microsoft Windows NTFS Privilege Escalation Vulnerability
CVE-2021-31979,CWE-269,CWE-119,2023-08-08T14:21:49.707,2021-11-03,Microsoft Windows Kernel Privilege Escalation Vulnerability
CVE-2021-33771,CWE-269,CWE-119,2023-08-08T14:21:49.707,2021-11-03,Microsoft Windows Kernel Privilege Escalation Vulnerability
CVE-2021-34523,CWE-269,CWE-287,2022-07-12T17:42:04.277,2021-11-03,Microsoft Exchange Server Privilege Escalation Vulnerability
CVE-2021-3493,CWE-269,CWE-863,2023-07-07T19:10:36.757,2022-10-20,Linux Kernel Privilege Escalation Vulnerability
CVE-2018-13382,CWE-285,CWE-863,2024-07-24T17:00:11.247,2022-01-10,Fortinet FortiOS and FortiProxy Improper Authorization
CVE-2020-12812,CWE-287,CWE-178,2022-07-12T17:42:04.277,2021-11-03,Fortinet FortiOS SSL VPN Improper Authentication Vulnerability
CVE-2020-3952,CWE-287,CWE-306,2022-07-12T17:42:04.277,2021-11-03,VMware vCenter Server Information Disclosure Vulnerability
CVE-2021-22893,CWE-287,CWE-416,2022-10-24T17:17:23.830,2021-11-03,Ivanti Pulse Connect Secure Use-After-Free Vulnerability
CVE-2020-3566,CWE-400,CWE-770,2022-10-21T19:48:16.447,2021-11-03,Cisco IOS XR Software DVMRP Memory Exhaustion Vulnerability
CVE-2020-3569,CWE-400,CWE-770,2022-09-20T19:28:50.823,2021-11-03,Cisco IOS XR Software DVMRP Memory Exhaustion Vulnerability
CVE-2021-35211,CWE-668,CWE-787,2023-08-08T14:22:24.967,2021-11-03,SolarWinds Serv-U Remote Code Execution Vulnerability
CVE-2020-8644,CWE-74,CWE-74,2022-07-12T17:42:04.277,2021-11-03,PlaySMS Server-Side Template Injection Vulnerability
CVE-2021-22204,CWE-74,CWE-94,2023-08-08T14:22:24.967,2021-11-17,ExifTool Remote Code Execution Vulnerability
