,Child,Parent,Relationship,Predicate
0,CWE-1004,CWE-732,ChildOf,RelatedTo
1,CWE-1007,CWE-451,ChildOf,RelatedTo
2,CWE-102,CWE-694,ChildOf,RelatedTo
3,CWE-102,CWE-1173,ChildOf,RelatedTo
4,CWE-102,CWE-20,ChildOf,RelatedTo
5,CWE-1021,CWE-441,ChildOf,RelatedTo
6,CWE-1021,CWE-610,ChildOf,RelatedTo
7,CWE-1021,CWE-451,ChildOf,RelatedTo
8,CWE-1022,CWE-266,ChildOf,RelatedTo
9,CWE-1023,CWE-697,ChildOf,RelatedTo
10,CWE-1024,CWE-697,ChildOf,RelatedTo
11,CWE-1025,CWE-697,ChildOf,RelatedTo
12,CWE-103,CWE-573,ChildOf,RelatedTo
13,CWE-103,CWE-20,ChildOf,RelatedTo
14,CWE-1037,CWE-1038,ChildOf,RelatedTo
15,CWE-1038,CWE-435,ChildOf,RelatedTo
16,CWE-1038,CWE-758,ChildOf,RelatedTo
17,CWE-1039,CWE-693,ChildOf,RelatedTo
18,CWE-1039,CWE-697,ChildOf,RelatedTo
19,CWE-104,CWE-573,ChildOf,RelatedTo
20,CWE-104,CWE-20,ChildOf,RelatedTo
21,CWE-1041,CWE-710,ChildOf,RelatedTo
22,CWE-1042,CWE-1176,ChildOf,RelatedTo
23,CWE-1043,CWE-1093,ChildOf,RelatedTo
24,CWE-1044,CWE-710,ChildOf,RelatedTo
25,CWE-1045,CWE-1076,ChildOf,RelatedTo
26,CWE-1046,CWE-1176,ChildOf,RelatedTo
27,CWE-1047,CWE-1120,ChildOf,RelatedTo
28,CWE-1048,CWE-710,ChildOf,RelatedTo
29,CWE-1049,CWE-1176,ChildOf,RelatedTo
30,CWE-105,CWE-1173,ChildOf,RelatedTo
31,CWE-105,CWE-20,ChildOf,RelatedTo
32,CWE-1050,CWE-405,ChildOf,RelatedTo
35,CWE-1053,CWE-1059,ChildOf,RelatedTo
36,CWE-1054,CWE-1061,ChildOf,RelatedTo
37,CWE-1055,CWE-1093,ChildOf,RelatedTo
38,CWE-1056,CWE-1120,ChildOf,RelatedTo
39,CWE-1057,CWE-1061,ChildOf,RelatedTo
40,CWE-1058,CWE-662,ChildOf,RelatedTo
41,CWE-1059,CWE-710,ChildOf,RelatedTo
42,CWE-106,CWE-1173,ChildOf,RelatedTo
43,CWE-106,CWE-20,ChildOf,RelatedTo
44,CWE-1060,CWE-1120,ChildOf,RelatedTo
45,CWE-1061,CWE-710,ChildOf,RelatedTo
46,CWE-1062,CWE-1061,ChildOf,RelatedTo
47,CWE-1063,CWE-1176,ChildOf,RelatedTo
48,CWE-1064,CWE-1120,ChildOf,RelatedTo
49,CWE-1065,CWE-710,ChildOf,RelatedTo
50,CWE-1066,CWE-710,ChildOf,RelatedTo
51,CWE-1067,CWE-1176,ChildOf,RelatedTo
52,CWE-1068,CWE-710,ChildOf,RelatedTo
53,CWE-1069,CWE-1071,ChildOf,RelatedTo
54,CWE-107,CWE-1164,ChildOf,RelatedTo
55,CWE-107,CWE-20,ChildOf,RelatedTo
56,CWE-1070,CWE-1076,ChildOf,RelatedTo
57,CWE-1071,CWE-1164,ChildOf,RelatedTo
58,CWE-1072,CWE-405,ChildOf,RelatedTo
59,CWE-1073,CWE-405,ChildOf,RelatedTo
60,CWE-1074,CWE-1093,ChildOf,RelatedTo
61,CWE-1075,CWE-1120,ChildOf,RelatedTo
62,CWE-1076,CWE-710,ChildOf,RelatedTo
63,CWE-1077,CWE-697,ChildOf,RelatedTo
64,CWE-1078,CWE-1076,ChildOf,RelatedTo
65,CWE-1079,CWE-1076,ChildOf,RelatedTo
66,CWE-108,CWE-1173,ChildOf,RelatedTo
67,CWE-108,CWE-20,ChildOf,RelatedTo
68,CWE-1080,CWE-1120,ChildOf,RelatedTo
69,CWE-1082,CWE-1076,ChildOf,RelatedTo
70,CWE-1083,CWE-1061,ChildOf,RelatedTo
71,CWE-1084,CWE-405,ChildOf,RelatedTo
72,CWE-1085,CWE-1078,ChildOf,RelatedTo
73,CWE-1086,CWE-1093,ChildOf,RelatedTo
74,CWE-1087,CWE-1076,ChildOf,RelatedTo
75,CWE-1088,CWE-821,ChildOf,RelatedTo
76,CWE-1089,CWE-405,ChildOf,RelatedTo
77,CWE-109,CWE-1173,ChildOf,RelatedTo
78,CWE-109,CWE-20,ChildOf,RelatedTo
79,CWE-1090,CWE-1061,ChildOf,RelatedTo
80,CWE-1091,CWE-772,ChildOf,RelatedTo
81,CWE-1091,CWE-1076,ChildOf,RelatedTo
82,CWE-1092,CWE-710,ChildOf,RelatedTo
83,CWE-1093,CWE-710,ChildOf,RelatedTo
84,CWE-1094,CWE-405,ChildOf,RelatedTo
85,CWE-1095,CWE-1120,ChildOf,RelatedTo
86,CWE-1096,CWE-820,ChildOf,RelatedTo
87,CWE-1096,CWE-662,ChildOf,RelatedTo
88,CWE-1097,CWE-1076,ChildOf,RelatedTo
89,CWE-1097,CWE-595,ChildOf,RelatedTo
90,CWE-1098,CWE-1076,ChildOf,RelatedTo
91,CWE-1099,CWE-1078,ChildOf,RelatedTo
92,CWE-11,CWE-489,ChildOf,RelatedTo
93,CWE-110,CWE-1164,ChildOf,RelatedTo
94,CWE-110,CWE-20,ChildOf,RelatedTo
95,CWE-1100,CWE-1061,ChildOf,RelatedTo
96,CWE-1101,CWE-710,ChildOf,RelatedTo
97,CWE-1102,CWE-758,ChildOf,RelatedTo
98,CWE-1102,CWE-1105,PeerOf,RelatedTo
99,CWE-1103,CWE-758,ChildOf,RelatedTo
101,CWE-1105,CWE-758,ChildOf,RelatedTo
102,CWE-1105,CWE-1061,ChildOf,RelatedTo
103,CWE-1106,CWE-1078,ChildOf,RelatedTo
104,CWE-1107,CWE-1078,ChildOf,RelatedTo
105,CWE-1108,CWE-1076,ChildOf,RelatedTo
106,CWE-1109,CWE-1078,ChildOf,RelatedTo
107,CWE-111,CWE-695,ChildOf,RelatedTo
108,CWE-111,CWE-20,ChildOf,RelatedTo
109,CWE-1110,CWE-1059,ChildOf,RelatedTo
110,CWE-1111,CWE-1059,ChildOf,RelatedTo
111,CWE-1112,CWE-1059,ChildOf,RelatedTo
112,CWE-1113,CWE-1078,ChildOf,RelatedTo
113,CWE-1114,CWE-1078,ChildOf,RelatedTo
114,CWE-1115,CWE-1078,ChildOf,RelatedTo
115,CWE-1116,CWE-1078,ChildOf,RelatedTo
116,CWE-1117,CWE-1078,ChildOf,RelatedTo
117,CWE-1118,CWE-1059,ChildOf,RelatedTo
118,CWE-1119,CWE-1120,ChildOf,RelatedTo
119,CWE-112,CWE-1286,ChildOf,RelatedTo
120,CWE-112,CWE-20,ChildOf,RelatedTo
121,CWE-1120,CWE-710,ChildOf,RelatedTo
122,CWE-1121,CWE-1120,ChildOf,RelatedTo
123,CWE-1122,CWE-1120,ChildOf,RelatedTo
124,CWE-1123,CWE-1120,ChildOf,RelatedTo
125,CWE-1124,CWE-1120,ChildOf,RelatedTo
126,CWE-1125,CWE-1120,ChildOf,RelatedTo
127,CWE-1126,CWE-710,ChildOf,RelatedTo
128,CWE-1127,CWE-710,ChildOf,RelatedTo
129,CWE-113,CWE-93,ChildOf,RelatedTo
130,CWE-113,CWE-79,CanPrecede,RelatedTo
131,CWE-113,CWE-20,ChildOf,RelatedTo
132,CWE-113,CWE-436,ChildOf,RelatedTo
133,CWE-114,CWE-73,ChildOf,RelatedTo
134,CWE-114,CWE-20,ChildOf,RelatedTo
135,CWE-115,CWE-436,ChildOf,RelatedTo
136,CWE-116,CWE-707,ChildOf,RelatedTo
137,CWE-116,CWE-74,CanPrecede,RelatedTo
138,CWE-1164,CWE-710,ChildOf,RelatedTo
139,CWE-117,CWE-116,ChildOf,RelatedTo
140,CWE-117,CWE-20,ChildOf,RelatedTo
141,CWE-1173,CWE-20,ChildOf,RelatedTo
142,CWE-1174,CWE-1173,ChildOf,RelatedTo
143,CWE-1176,CWE-405,ChildOf,RelatedTo
144,CWE-1177,CWE-710,ChildOf,RelatedTo
145,CWE-118,CWE-664,ChildOf,RelatedTo
147,CWE-1188,CWE-665,ChildOf,RelatedTo
148,CWE-1189,CWE-653,ChildOf,RelatedTo
149,CWE-1189,CWE-668,ChildOf,RelatedTo
150,CWE-1189,CWE-1331,PeerOf,RelatedTo
151,CWE-119,CWE-118,ChildOf,RelatedTo
152,CWE-119,CWE-20,ChildOf,RelatedTo
153,CWE-1190,CWE-696,ChildOf,RelatedTo
154,CWE-1191,CWE-284,ChildOf,RelatedTo
155,CWE-1192,CWE-657,ChildOf,RelatedTo
156,CWE-1193,CWE-696,ChildOf,RelatedTo
157,CWE-12,CWE-756,ChildOf,RelatedTo
158,CWE-120,CWE-119,ChildOf,RelatedTo
159,CWE-120,CWE-123,CanPrecede,RelatedTo
160,CWE-120,CWE-20,ChildOf,RelatedTo
161,CWE-1204,CWE-330,ChildOf,RelatedTo
162,CWE-1209,CWE-710,ChildOf,RelatedTo
163,CWE-121,CWE-788,ChildOf,RelatedTo
164,CWE-121,CWE-787,ChildOf,RelatedTo
165,CWE-122,CWE-788,ChildOf,RelatedTo
166,CWE-122,CWE-787,ChildOf,RelatedTo
167,CWE-1220,CWE-284,ChildOf,RelatedTo
169,CWE-1222,CWE-1220,ChildOf,RelatedTo
170,CWE-1223,CWE-362,ChildOf,RelatedTo
171,CWE-1224,CWE-284,ChildOf,RelatedTo
172,CWE-1229,CWE-664,ChildOf,RelatedTo
173,CWE-123,CWE-787,ChildOf,RelatedTo
174,CWE-123,CWE-119,ChildOf,RelatedTo
175,CWE-1230,CWE-285,ChildOf,RelatedTo
176,CWE-1231,CWE-284,ChildOf,RelatedTo
177,CWE-1232,CWE-667,ChildOf,RelatedTo
178,CWE-1233,CWE-284,ChildOf,RelatedTo
179,CWE-1233,CWE-667,ChildOf,RelatedTo
180,CWE-1234,CWE-667,ChildOf,RelatedTo
181,CWE-1235,CWE-400,ChildOf,RelatedTo
182,CWE-1236,CWE-74,ChildOf,RelatedTo
183,CWE-1239,CWE-226,ChildOf,RelatedTo
184,CWE-124,CWE-786,ChildOf,RelatedTo
185,CWE-124,CWE-787,ChildOf,RelatedTo
186,CWE-1240,CWE-327,ChildOf,RelatedTo
187,CWE-1241,CWE-330,ChildOf,RelatedTo
188,CWE-1242,CWE-284,ChildOf,RelatedTo
189,CWE-1243,CWE-1263,ChildOf,RelatedTo
190,CWE-1244,CWE-863,ChildOf,RelatedTo
191,CWE-1245,CWE-684,ChildOf,RelatedTo
192,CWE-1246,CWE-400,ChildOf,RelatedTo
194,CWE-1248,CWE-693,ChildOf,RelatedTo
195,CWE-1249,CWE-1250,ChildOf,RelatedTo
196,CWE-125,CWE-119,ChildOf,RelatedTo
197,CWE-1250,CWE-664,ChildOf,RelatedTo
198,CWE-1251,CWE-1250,ChildOf,RelatedTo
199,CWE-1252,CWE-284,ChildOf,RelatedTo
200,CWE-1253,CWE-693,ChildOf,RelatedTo
201,CWE-1254,CWE-208,ChildOf,RelatedTo
202,CWE-1254,CWE-697,ChildOf,RelatedTo
203,CWE-1255,CWE-1300,ChildOf,RelatedTo
204,CWE-1255,CWE-1259,PeerOf,RelatedTo
205,CWE-1256,CWE-285,ChildOf,RelatedTo
206,CWE-1257,CWE-284,ChildOf,RelatedTo
207,CWE-1257,CWE-119,CanPrecede,RelatedTo
208,CWE-1258,CWE-212,ChildOf,RelatedTo
209,CWE-1258,CWE-200,ChildOf,RelatedTo
210,CWE-1259,CWE-284,ChildOf,RelatedTo
211,CWE-1259,CWE-1294,ChildOf,RelatedTo
212,CWE-126,CWE-125,ChildOf,RelatedTo
213,CWE-126,CWE-788,ChildOf,RelatedTo
214,CWE-1260,CWE-284,ChildOf,RelatedTo
215,CWE-1260,CWE-119,CanPrecede,RelatedTo
217,CWE-1261,CWE-1254,PeerOf,RelatedTo
218,CWE-1262,CWE-284,ChildOf,RelatedTo
219,CWE-1263,CWE-284,ChildOf,RelatedTo
220,CWE-1263,CWE-1191,PeerOf,RelatedTo
221,CWE-1264,CWE-821,ChildOf,RelatedTo
222,CWE-1264,CWE-1037,PeerOf,RelatedTo
223,CWE-1265,CWE-691,ChildOf,RelatedTo
224,CWE-1265,CWE-663,PeerOf,RelatedTo
225,CWE-1265,CWE-416,CanPrecede,RelatedTo
226,CWE-1266,CWE-404,ChildOf,RelatedTo
227,CWE-1267,CWE-284,ChildOf,RelatedTo
228,CWE-1268,CWE-284,ChildOf,RelatedTo
229,CWE-1269,CWE-693,ChildOf,RelatedTo
230,CWE-127,CWE-125,ChildOf,RelatedTo
231,CWE-127,CWE-786,ChildOf,RelatedTo
232,CWE-1270,CWE-284,ChildOf,RelatedTo
233,CWE-1270,CWE-1294,ChildOf,RelatedTo
234,CWE-1271,CWE-909,ChildOf,RelatedTo
235,CWE-1272,CWE-226,ChildOf,RelatedTo
236,CWE-1272,CWE-200,CanPrecede,RelatedTo
237,CWE-1273,CWE-200,ChildOf,RelatedTo
238,CWE-1274,CWE-284,ChildOf,RelatedTo
239,CWE-1275,CWE-923,ChildOf,RelatedTo
240,CWE-1275,CWE-352,CanPrecede,RelatedTo
241,CWE-1276,CWE-284,ChildOf,RelatedTo
242,CWE-1277,CWE-1329,ChildOf,RelatedTo
243,CWE-1278,CWE-693,ChildOf,RelatedTo
244,CWE-1279,CWE-691,ChildOf,RelatedTo
245,CWE-1279,CWE-665,ChildOf,RelatedTo
246,CWE-128,CWE-682,ChildOf,RelatedTo
247,CWE-128,CWE-119,CanPrecede,RelatedTo
248,CWE-128,CWE-190,PeerOf,RelatedTo
249,CWE-1280,CWE-696,ChildOf,RelatedTo
250,CWE-1280,CWE-284,ChildOf,RelatedTo
251,CWE-1281,CWE-691,ChildOf,RelatedTo
252,CWE-1282,CWE-668,ChildOf,RelatedTo
253,CWE-1282,CWE-471,CanPrecede,RelatedTo
254,CWE-1283,CWE-284,ChildOf,RelatedTo
255,CWE-1284,CWE-20,ChildOf,RelatedTo
256,CWE-1284,CWE-789,CanPrecede,RelatedTo
257,CWE-1285,CWE-20,ChildOf,RelatedTo
258,CWE-1286,CWE-20,ChildOf,RelatedTo
259,CWE-1287,CWE-20,ChildOf,RelatedTo
260,CWE-1287,CWE-843,PeerOf,RelatedTo
261,CWE-1288,CWE-20,ChildOf,RelatedTo
262,CWE-1289,CWE-20,ChildOf,RelatedTo
263,CWE-1289,CWE-41,PeerOf,RelatedTo
264,CWE-1289,CWE-178,PeerOf,RelatedTo
265,CWE-129,CWE-1285,ChildOf,RelatedTo
266,CWE-129,CWE-20,ChildOf,RelatedTo
267,CWE-129,CWE-119,CanPrecede,RelatedTo
268,CWE-129,CWE-823,CanPrecede,RelatedTo
269,CWE-129,CWE-789,CanPrecede,RelatedTo
270,CWE-1290,CWE-284,ChildOf,RelatedTo
271,CWE-1290,CWE-1294,ChildOf,RelatedTo
272,CWE-1291,CWE-693,ChildOf,RelatedTo
273,CWE-1291,CWE-321,PeerOf,RelatedTo
274,CWE-1292,CWE-284,ChildOf,RelatedTo
275,CWE-1292,CWE-1294,ChildOf,RelatedTo
276,CWE-1293,CWE-345,ChildOf,RelatedTo
277,CWE-1293,CWE-654,PeerOf,RelatedTo
278,CWE-1294,CWE-284,ChildOf,RelatedTo
279,CWE-1295,CWE-200,ChildOf,RelatedTo
280,CWE-1295,CWE-209,PeerOf,RelatedTo
281,CWE-1296,CWE-284,ChildOf,RelatedTo
282,CWE-1297,CWE-285,ChildOf,RelatedTo
283,CWE-1298,CWE-362,ChildOf,RelatedTo
284,CWE-1299,CWE-1191,PeerOf,RelatedTo
285,CWE-1299,CWE-420,ChildOf,RelatedTo
286,CWE-1299,CWE-288,ChildOf,RelatedTo
287,CWE-13,CWE-260,ChildOf,RelatedTo
288,CWE-130,CWE-240,ChildOf,RelatedTo
289,CWE-130,CWE-119,ChildOf,RelatedTo
290,CWE-130,CWE-805,CanPrecede,RelatedTo
291,CWE-1300,CWE-203,ChildOf,RelatedTo
292,CWE-1301,CWE-226,ChildOf,RelatedTo
293,CWE-1302,CWE-1294,ChildOf,RelatedTo
294,CWE-1303,CWE-1189,ChildOf,RelatedTo
295,CWE-1303,CWE-203,ChildOf,RelatedTo
296,CWE-1304,CWE-284,ChildOf,RelatedTo
297,CWE-1304,CWE-345,PeerOf,RelatedTo
298,CWE-1304,CWE-1271,PeerOf,RelatedTo
299,CWE-131,CWE-682,ChildOf,RelatedTo
300,CWE-131,CWE-119,CanPrecede,RelatedTo
301,CWE-1310,CWE-1329,ChildOf,RelatedTo
302,CWE-1311,CWE-284,ChildOf,RelatedTo
303,CWE-1312,CWE-284,ChildOf,RelatedTo
304,CWE-1312,CWE-1251,PeerOf,RelatedTo
305,CWE-1313,CWE-284,ChildOf,RelatedTo
306,CWE-1314,CWE-862,ChildOf,RelatedTo
307,CWE-1314,CWE-1299,PeerOf,RelatedTo
308,CWE-1315,CWE-284,ChildOf,RelatedTo
309,CWE-1316,CWE-284,ChildOf,RelatedTo
310,CWE-1317,CWE-284,ChildOf,RelatedTo
311,CWE-1318,CWE-693,ChildOf,RelatedTo
312,CWE-1319,CWE-693,ChildOf,RelatedTo
313,CWE-1320,CWE-284,ChildOf,RelatedTo
314,CWE-1321,CWE-915,ChildOf,RelatedTo
315,CWE-1321,CWE-913,ChildOf,RelatedTo
316,CWE-1321,CWE-471,CanPrecede,RelatedTo
317,CWE-1322,CWE-834,ChildOf,RelatedTo
318,CWE-1322,CWE-835,CanPrecede,RelatedTo
319,CWE-1323,CWE-284,ChildOf,RelatedTo
320,CWE-1325,CWE-770,ChildOf,RelatedTo
321,CWE-1325,CWE-789,PeerOf,RelatedTo
322,CWE-1325,CWE-476,CanPrecede,RelatedTo
323,CWE-1326,CWE-693,ChildOf,RelatedTo
324,CWE-1327,CWE-668,ChildOf,RelatedTo
325,CWE-1328,CWE-285,ChildOf,RelatedTo
326,CWE-1328,CWE-757,PeerOf,RelatedTo
328,CWE-1329,CWE-664,ChildOf,RelatedTo
329,CWE-1330,CWE-1301,ChildOf,RelatedTo
330,CWE-1331,CWE-653,ChildOf,RelatedTo
331,CWE-1331,CWE-668,ChildOf,RelatedTo
332,CWE-1331,CWE-1189,PeerOf,RelatedTo
334,CWE-1332,CWE-1247,PeerOf,RelatedTo
335,CWE-1333,CWE-407,ChildOf,RelatedTo
336,CWE-1334,CWE-284,ChildOf,RelatedTo
339,CWE-1338,CWE-693,ChildOf,RelatedTo
344,CWE-134,CWE-668,ChildOf,RelatedTo
345,CWE-134,CWE-123,CanPrecede,RelatedTo
346,CWE-134,CWE-20,ChildOf,RelatedTo
350,CWE-135,CWE-682,ChildOf,RelatedTo
353,CWE-138,CWE-707,ChildOf,RelatedTo
364,CWE-14,CWE-733,ChildOf,RelatedTo
365,CWE-140,CWE-138,ChildOf,RelatedTo
366,CWE-141,CWE-140,ChildOf,RelatedTo
368,CWE-142,CWE-140,ChildOf,RelatedTo
374,CWE-143,CWE-140,ChildOf,RelatedTo
375,CWE-144,CWE-140,ChildOf,RelatedTo
376,CWE-144,CWE-93,CanAlsoBe,RelatedTo
377,CWE-145,CWE-140,ChildOf,RelatedTo
378,CWE-145,CWE-93,CanAlsoBe,RelatedTo
379,CWE-146,CWE-140,ChildOf,RelatedTo
380,CWE-147,CWE-138,ChildOf,RelatedTo
381,CWE-148,CWE-138,ChildOf,RelatedTo
382,CWE-149,CWE-138,ChildOf,RelatedTo
383,CWE-15,CWE-642,ChildOf,RelatedTo
384,CWE-15,CWE-610,ChildOf,RelatedTo
385,CWE-15,CWE-20,ChildOf,RelatedTo
386,CWE-150,CWE-138,ChildOf,RelatedTo
387,CWE-151,CWE-138,ChildOf,RelatedTo
388,CWE-152,CWE-138,ChildOf,RelatedTo
389,CWE-153,CWE-138,ChildOf,RelatedTo
390,CWE-154,CWE-138,ChildOf,RelatedTo
391,CWE-155,CWE-138,ChildOf,RelatedTo
392,CWE-156,CWE-138,ChildOf,RelatedTo
393,CWE-157,CWE-138,ChildOf,RelatedTo
394,CWE-158,CWE-138,ChildOf,RelatedTo
395,CWE-159,CWE-138,ChildOf,RelatedTo
396,CWE-160,CWE-138,ChildOf,RelatedTo
397,CWE-161,CWE-160,ChildOf,RelatedTo
398,CWE-162,CWE-138,ChildOf,RelatedTo
399,CWE-163,CWE-162,ChildOf,RelatedTo
400,CWE-164,CWE-138,ChildOf,RelatedTo
401,CWE-165,CWE-164,ChildOf,RelatedTo
402,CWE-166,CWE-159,ChildOf,RelatedTo
403,CWE-166,CWE-228,ChildOf,RelatedTo
404,CWE-167,CWE-159,ChildOf,RelatedTo
405,CWE-167,CWE-228,ChildOf,RelatedTo
406,CWE-168,CWE-159,ChildOf,RelatedTo
407,CWE-168,CWE-228,ChildOf,RelatedTo
408,CWE-170,CWE-707,ChildOf,RelatedTo
409,CWE-170,CWE-120,CanPrecede,RelatedTo
410,CWE-170,CWE-126,CanPrecede,RelatedTo
411,CWE-170,CWE-147,CanAlsoBe,RelatedTo
412,CWE-170,CWE-464,PeerOf,RelatedTo
413,CWE-170,CWE-463,PeerOf,RelatedTo
414,CWE-170,CWE-20,ChildOf,RelatedTo
415,CWE-172,CWE-707,ChildOf,RelatedTo
416,CWE-172,CWE-22,CanPrecede,RelatedTo
417,CWE-172,CWE-41,CanPrecede,RelatedTo
418,CWE-173,CWE-172,ChildOf,RelatedTo
419,CWE-173,CWE-289,CanPrecede,RelatedTo
420,CWE-174,CWE-172,ChildOf,RelatedTo
421,CWE-174,CWE-675,ChildOf,RelatedTo
422,CWE-175,CWE-172,ChildOf,RelatedTo
423,CWE-176,CWE-172,ChildOf,RelatedTo
424,CWE-177,CWE-172,ChildOf,RelatedTo
425,CWE-178,CWE-706,ChildOf,RelatedTo
426,CWE-178,CWE-433,CanPrecede,RelatedTo
427,CWE-178,CWE-289,CanPrecede,RelatedTo
428,CWE-179,CWE-20,ChildOf,RelatedTo
429,CWE-179,CWE-696,ChildOf,RelatedTo
430,CWE-180,CWE-179,ChildOf,RelatedTo
431,CWE-181,CWE-179,ChildOf,RelatedTo
432,CWE-182,CWE-693,ChildOf,RelatedTo
433,CWE-182,CWE-33,CanPrecede,RelatedTo
434,CWE-182,CWE-34,CanPrecede,RelatedTo
435,CWE-182,CWE-35,CanPrecede,RelatedTo
436,CWE-183,CWE-697,ChildOf,RelatedTo
437,CWE-183,CWE-434,CanPrecede,RelatedTo
438,CWE-184,CWE-693,ChildOf,RelatedTo
439,CWE-184,CWE-1023,ChildOf,RelatedTo
440,CWE-184,CWE-79,CanPrecede,RelatedTo
441,CWE-184,CWE-78,CanPrecede,RelatedTo
442,CWE-184,CWE-434,CanPrecede,RelatedTo
443,CWE-184,CWE-98,CanPrecede,RelatedTo
444,CWE-185,CWE-697,ChildOf,RelatedTo
445,CWE-185,CWE-187,CanPrecede,RelatedTo
446,CWE-185,CWE-182,CanPrecede,RelatedTo
447,CWE-186,CWE-185,ChildOf,RelatedTo
448,CWE-186,CWE-184,CanAlsoBe,RelatedTo
449,CWE-186,CWE-183,CanAlsoBe,RelatedTo
450,CWE-187,CWE-1023,ChildOf,RelatedTo
451,CWE-188,CWE-1105,ChildOf,RelatedTo
452,CWE-188,CWE-435,ChildOf,RelatedTo
453,CWE-190,CWE-682,ChildOf,RelatedTo
454,CWE-190,CWE-20,ChildOf,RelatedTo
455,CWE-190,CWE-119,CanPrecede,RelatedTo
456,CWE-191,CWE-682,ChildOf,RelatedTo
457,CWE-192,CWE-681,ChildOf,RelatedTo
458,CWE-193,CWE-682,ChildOf,RelatedTo
459,CWE-193,CWE-617,CanPrecede,RelatedTo
460,CWE-193,CWE-170,CanPrecede,RelatedTo
461,CWE-193,CWE-119,CanPrecede,RelatedTo
462,CWE-194,CWE-681,ChildOf,RelatedTo
463,CWE-195,CWE-681,ChildOf,RelatedTo
464,CWE-195,CWE-119,CanPrecede,RelatedTo
465,CWE-196,CWE-681,ChildOf,RelatedTo
466,CWE-196,CWE-124,CanAlsoBe,RelatedTo
467,CWE-196,CWE-120,CanAlsoBe,RelatedTo
468,CWE-197,CWE-681,ChildOf,RelatedTo
469,CWE-197,CWE-195,CanAlsoBe,RelatedTo
470,CWE-197,CWE-196,CanAlsoBe,RelatedTo
471,CWE-197,CWE-192,CanAlsoBe,RelatedTo
472,CWE-197,CWE-194,CanAlsoBe,RelatedTo
473,CWE-198,CWE-188,ChildOf,RelatedTo
474,CWE-20,CWE-707,ChildOf,RelatedTo
475,CWE-20,CWE-345,PeerOf,RelatedTo
476,CWE-20,CWE-22,CanPrecede,RelatedTo
477,CWE-20,CWE-41,CanPrecede,RelatedTo
478,CWE-20,CWE-74,CanPrecede,RelatedTo
479,CWE-20,CWE-119,CanPrecede,RelatedTo
480,CWE-20,CWE-770,CanPrecede,RelatedTo
481,CWE-200,CWE-668,ChildOf,RelatedTo
482,CWE-201,CWE-200,ChildOf,RelatedTo
483,CWE-201,CWE-209,CanAlsoBe,RelatedTo
484,CWE-201,CWE-202,CanAlsoBe,RelatedTo
485,CWE-202,CWE-1230,ChildOf,RelatedTo
486,CWE-203,CWE-200,ChildOf,RelatedTo
487,CWE-204,CWE-203,ChildOf,RelatedTo
488,CWE-205,CWE-203,ChildOf,RelatedTo
489,CWE-205,CWE-514,CanPrecede,RelatedTo
490,CWE-206,CWE-205,ChildOf,RelatedTo
491,CWE-207,CWE-205,ChildOf,RelatedTo
492,CWE-208,CWE-203,ChildOf,RelatedTo
493,CWE-208,CWE-385,CanPrecede,RelatedTo
494,CWE-208,CWE-327,CanPrecede,RelatedTo
495,CWE-209,CWE-200,ChildOf,RelatedTo
496,CWE-209,CWE-755,ChildOf,RelatedTo
497,CWE-210,CWE-209,ChildOf,RelatedTo
498,CWE-211,CWE-209,ChildOf,RelatedTo
499,CWE-212,CWE-669,ChildOf,RelatedTo
500,CWE-212,CWE-201,CanPrecede,RelatedTo
501,CWE-213,CWE-200,ChildOf,RelatedTo
502,CWE-214,CWE-497,ChildOf,RelatedTo
503,CWE-215,CWE-200,ChildOf,RelatedTo
504,CWE-219,CWE-552,ChildOf,RelatedTo
505,CWE-22,CWE-706,ChildOf,RelatedTo
506,CWE-22,CWE-668,ChildOf,RelatedTo
507,CWE-220,CWE-552,ChildOf,RelatedTo
508,CWE-221,CWE-664,ChildOf,RelatedTo
509,CWE-222,CWE-221,ChildOf,RelatedTo
510,CWE-223,CWE-221,ChildOf,RelatedTo
511,CWE-224,CWE-221,ChildOf,RelatedTo
512,CWE-226,CWE-459,ChildOf,RelatedTo
513,CWE-226,CWE-212,ChildOf,RelatedTo
514,CWE-226,CWE-201,CanPrecede,RelatedTo
515,CWE-228,CWE-703,ChildOf,RelatedTo
516,CWE-228,CWE-707,ChildOf,RelatedTo
517,CWE-229,CWE-228,ChildOf,RelatedTo
518,CWE-23,CWE-22,ChildOf,RelatedTo
519,CWE-230,CWE-229,ChildOf,RelatedTo
520,CWE-231,CWE-229,ChildOf,RelatedTo
521,CWE-231,CWE-120,CanPrecede,RelatedTo
522,CWE-232,CWE-229,ChildOf,RelatedTo
523,CWE-233,CWE-228,ChildOf,RelatedTo
524,CWE-234,CWE-233,ChildOf,RelatedTo
525,CWE-235,CWE-233,ChildOf,RelatedTo
526,CWE-236,CWE-233,ChildOf,RelatedTo
527,CWE-237,CWE-228,ChildOf,RelatedTo
528,CWE-238,CWE-237,ChildOf,RelatedTo
529,CWE-239,CWE-237,ChildOf,RelatedTo
530,CWE-239,CWE-404,PeerOf,RelatedTo
531,CWE-24,CWE-23,ChildOf,RelatedTo
532,CWE-240,CWE-237,ChildOf,RelatedTo
533,CWE-240,CWE-707,ChildOf,RelatedTo
534,CWE-241,CWE-228,ChildOf,RelatedTo
535,CWE-242,CWE-1177,ChildOf,RelatedTo
536,CWE-243,CWE-573,ChildOf,RelatedTo
537,CWE-243,CWE-669,ChildOf,RelatedTo
538,CWE-244,CWE-226,ChildOf,RelatedTo
539,CWE-244,CWE-669,CanPrecede,RelatedTo
540,CWE-245,CWE-695,ChildOf,RelatedTo
541,CWE-246,CWE-695,ChildOf,RelatedTo
542,CWE-248,CWE-705,ChildOf,RelatedTo
543,CWE-248,CWE-755,ChildOf,RelatedTo
544,CWE-248,CWE-703,ChildOf,RelatedTo
545,CWE-25,CWE-23,ChildOf,RelatedTo
546,CWE-250,CWE-269,ChildOf,RelatedTo
547,CWE-250,CWE-657,ChildOf,RelatedTo
548,CWE-252,CWE-754,ChildOf,RelatedTo
549,CWE-252,CWE-476,CanPrecede,RelatedTo
550,CWE-253,CWE-573,ChildOf,RelatedTo
551,CWE-253,CWE-754,ChildOf,RelatedTo
552,CWE-256,CWE-522,ChildOf,RelatedTo
553,CWE-257,CWE-522,ChildOf,RelatedTo
554,CWE-257,CWE-259,PeerOf,RelatedTo
555,CWE-258,CWE-260,ChildOf,RelatedTo
556,CWE-258,CWE-521,ChildOf,RelatedTo
557,CWE-259,CWE-798,ChildOf,RelatedTo
558,CWE-259,CWE-321,PeerOf,RelatedTo
559,CWE-259,CWE-257,PeerOf,RelatedTo
560,CWE-26,CWE-23,ChildOf,RelatedTo
561,CWE-260,CWE-522,ChildOf,RelatedTo
562,CWE-261,CWE-522,ChildOf,RelatedTo
564,CWE-262,CWE-309,PeerOf,RelatedTo
565,CWE-262,CWE-324,PeerOf,RelatedTo
567,CWE-266,CWE-269,ChildOf,RelatedTo
568,CWE-266,CWE-286,CanAlsoBe,RelatedTo
569,CWE-267,CWE-269,ChildOf,RelatedTo
570,CWE-268,CWE-269,ChildOf,RelatedTo
571,CWE-269,CWE-284,ChildOf,RelatedTo
572,CWE-27,CWE-23,ChildOf,RelatedTo
573,CWE-270,CWE-269,ChildOf,RelatedTo
574,CWE-271,CWE-269,ChildOf,RelatedTo
575,CWE-272,CWE-271,ChildOf,RelatedTo
576,CWE-273,CWE-754,ChildOf,RelatedTo
577,CWE-273,CWE-271,ChildOf,RelatedTo
578,CWE-273,CWE-252,PeerOf,RelatedTo
579,CWE-274,CWE-755,ChildOf,RelatedTo
580,CWE-274,CWE-269,ChildOf,RelatedTo
581,CWE-274,CWE-271,PeerOf,RelatedTo
582,CWE-274,CWE-280,CanAlsoBe,RelatedTo
583,CWE-276,CWE-732,ChildOf,RelatedTo
584,CWE-277,CWE-732,ChildOf,RelatedTo
585,CWE-278,CWE-732,ChildOf,RelatedTo
586,CWE-279,CWE-732,ChildOf,RelatedTo
587,CWE-28,CWE-23,ChildOf,RelatedTo
588,CWE-280,CWE-755,ChildOf,RelatedTo
589,CWE-281,CWE-732,ChildOf,RelatedTo
590,CWE-282,CWE-284,ChildOf,RelatedTo
591,CWE-283,CWE-282,ChildOf,RelatedTo
592,CWE-285,CWE-284,ChildOf,RelatedTo
593,CWE-286,CWE-284,ChildOf,RelatedTo
594,CWE-287,CWE-284,ChildOf,RelatedTo
595,CWE-288,CWE-306,ChildOf,RelatedTo
596,CWE-288,CWE-284,ChildOf,RelatedTo
597,CWE-288,CWE-420,PeerOf,RelatedTo
599,CWE-29,CWE-23,ChildOf,RelatedTo
601,CWE-290,CWE-287,ChildOf,RelatedTo
602,CWE-291,CWE-290,ChildOf,RelatedTo
603,CWE-291,CWE-923,ChildOf,RelatedTo
604,CWE-291,CWE-471,ChildOf,RelatedTo
605,CWE-293,CWE-290,ChildOf,RelatedTo
607,CWE-294,CWE-287,ChildOf,RelatedTo
608,CWE-295,CWE-287,ChildOf,RelatedTo
609,CWE-295,CWE-322,PeerOf,RelatedTo
610,CWE-296,CWE-295,ChildOf,RelatedTo
611,CWE-296,CWE-573,ChildOf,RelatedTo
612,CWE-297,CWE-923,ChildOf,RelatedTo
613,CWE-297,CWE-295,ChildOf,RelatedTo
614,CWE-298,CWE-295,ChildOf,RelatedTo
615,CWE-298,CWE-672,ChildOf,RelatedTo
616,CWE-299,CWE-295,ChildOf,RelatedTo
617,CWE-299,CWE-404,ChildOf,RelatedTo
618,CWE-30,CWE-23,ChildOf,RelatedTo
619,CWE-300,CWE-923,ChildOf,RelatedTo
621,CWE-301,CWE-327,PeerOf,RelatedTo
623,CWE-302,CWE-807,ChildOf,RelatedTo
625,CWE-304,CWE-303,ChildOf,RelatedTo
626,CWE-304,CWE-573,ChildOf,RelatedTo
628,CWE-306,CWE-287,ChildOf,RelatedTo
630,CWE-307,CWE-287,ChildOf,RelatedTo
631,CWE-307,CWE-799,ChildOf,RelatedTo
633,CWE-308,CWE-654,ChildOf,RelatedTo
634,CWE-308,CWE-309,PeerOf,RelatedTo
636,CWE-309,CWE-654,ChildOf,RelatedTo
637,CWE-309,CWE-308,PeerOf,RelatedTo
638,CWE-31,CWE-23,ChildOf,RelatedTo
639,CWE-311,CWE-693,ChildOf,RelatedTo
640,CWE-312,CWE-311,ChildOf,RelatedTo
641,CWE-312,CWE-922,ChildOf,RelatedTo
642,CWE-313,CWE-312,ChildOf,RelatedTo
643,CWE-314,CWE-312,ChildOf,RelatedTo
644,CWE-315,CWE-312,ChildOf,RelatedTo
645,CWE-316,CWE-312,ChildOf,RelatedTo
646,CWE-317,CWE-312,ChildOf,RelatedTo
647,CWE-318,CWE-312,ChildOf,RelatedTo
648,CWE-319,CWE-311,ChildOf,RelatedTo
649,CWE-32,CWE-23,ChildOf,RelatedTo
650,CWE-321,CWE-798,ChildOf,RelatedTo
651,CWE-322,CWE-306,ChildOf,RelatedTo
652,CWE-322,CWE-923,CanPrecede,RelatedTo
653,CWE-322,CWE-295,PeerOf,RelatedTo
654,CWE-323,CWE-344,ChildOf,RelatedTo
655,CWE-324,CWE-672,ChildOf,RelatedTo
656,CWE-324,CWE-298,PeerOf,RelatedTo
657,CWE-325,CWE-573,ChildOf,RelatedTo
658,CWE-325,CWE-358,PeerOf,RelatedTo
659,CWE-326,CWE-693,ChildOf,RelatedTo
660,CWE-327,CWE-693,ChildOf,RelatedTo
661,CWE-327,CWE-311,PeerOf,RelatedTo
662,CWE-328,CWE-326,ChildOf,RelatedTo
663,CWE-328,CWE-327,ChildOf,RelatedTo
664,CWE-329,CWE-1204,ChildOf,RelatedTo
665,CWE-329,CWE-573,ChildOf,RelatedTo
666,CWE-33,CWE-23,ChildOf,RelatedTo
667,CWE-330,CWE-693,ChildOf,RelatedTo
668,CWE-330,CWE-804,CanPrecede,RelatedTo
669,CWE-331,CWE-330,ChildOf,RelatedTo
670,CWE-332,CWE-331,ChildOf,RelatedTo
671,CWE-333,CWE-331,ChildOf,RelatedTo
672,CWE-333,CWE-755,ChildOf,RelatedTo
673,CWE-334,CWE-330,ChildOf,RelatedTo
674,CWE-335,CWE-330,ChildOf,RelatedTo
675,CWE-336,CWE-335,ChildOf,RelatedTo
676,CWE-337,CWE-335,ChildOf,RelatedTo
677,CWE-338,CWE-330,ChildOf,RelatedTo
678,CWE-339,CWE-335,ChildOf,RelatedTo
679,CWE-339,CWE-341,PeerOf,RelatedTo
680,CWE-34,CWE-23,ChildOf,RelatedTo
681,CWE-340,CWE-330,ChildOf,RelatedTo
682,CWE-340,CWE-384,CanPrecede,RelatedTo
683,CWE-341,CWE-340,ChildOf,RelatedTo
684,CWE-342,CWE-340,ChildOf,RelatedTo
685,CWE-343,CWE-340,ChildOf,RelatedTo
686,CWE-344,CWE-330,ChildOf,RelatedTo
687,CWE-345,CWE-693,ChildOf,RelatedTo
688,CWE-346,CWE-345,ChildOf,RelatedTo
689,CWE-346,CWE-284,ChildOf,RelatedTo
690,CWE-347,CWE-345,ChildOf,RelatedTo
691,CWE-348,CWE-345,ChildOf,RelatedTo
692,CWE-349,CWE-345,ChildOf,RelatedTo
693,CWE-35,CWE-23,ChildOf,RelatedTo
694,CWE-350,CWE-290,ChildOf,RelatedTo
695,CWE-350,CWE-807,ChildOf,RelatedTo
696,CWE-350,CWE-923,CanPrecede,RelatedTo
697,CWE-351,CWE-345,ChildOf,RelatedTo
698,CWE-351,CWE-436,PeerOf,RelatedTo
699,CWE-352,CWE-345,ChildOf,RelatedTo
700,CWE-352,CWE-346,Requires,RelatedTo
701,CWE-352,CWE-441,Requires,RelatedTo
702,CWE-352,CWE-642,Requires,RelatedTo
703,CWE-352,CWE-613,Requires,RelatedTo
704,CWE-353,CWE-345,ChildOf,RelatedTo
705,CWE-353,CWE-354,PeerOf,RelatedTo
706,CWE-354,CWE-345,ChildOf,RelatedTo
707,CWE-354,CWE-754,ChildOf,RelatedTo
708,CWE-354,CWE-353,PeerOf,RelatedTo
709,CWE-356,CWE-221,ChildOf,RelatedTo
710,CWE-357,CWE-693,ChildOf,RelatedTo
711,CWE-358,CWE-573,ChildOf,RelatedTo
712,CWE-358,CWE-693,ChildOf,RelatedTo
713,CWE-358,CWE-345,CanAlsoBe,RelatedTo
714,CWE-358,CWE-290,CanAlsoBe,RelatedTo
715,CWE-359,CWE-200,ChildOf,RelatedTo
716,CWE-36,CWE-22,ChildOf,RelatedTo
717,CWE-360,CWE-345,ChildOf,RelatedTo
718,CWE-362,CWE-691,ChildOf,RelatedTo
719,CWE-362,CWE-416,CanPrecede,RelatedTo
720,CWE-362,CWE-476,CanPrecede,RelatedTo
721,CWE-363,CWE-367,ChildOf,RelatedTo
722,CWE-363,CWE-59,CanPrecede,RelatedTo
723,CWE-364,CWE-362,ChildOf,RelatedTo
724,CWE-364,CWE-415,CanPrecede,RelatedTo
725,CWE-364,CWE-416,CanPrecede,RelatedTo
726,CWE-364,CWE-123,CanPrecede,RelatedTo
727,CWE-366,CWE-362,ChildOf,RelatedTo
728,CWE-366,CWE-662,ChildOf,RelatedTo
729,CWE-367,CWE-362,ChildOf,RelatedTo
730,CWE-368,CWE-362,ChildOf,RelatedTo
731,CWE-368,CWE-364,CanAlsoBe,RelatedTo
732,CWE-369,CWE-682,ChildOf,RelatedTo
733,CWE-37,CWE-36,ChildOf,RelatedTo
734,CWE-37,CWE-160,ChildOf,RelatedTo
735,CWE-370,CWE-299,ChildOf,RelatedTo
736,CWE-370,CWE-296,PeerOf,RelatedTo
737,CWE-370,CWE-297,PeerOf,RelatedTo
738,CWE-370,CWE-298,PeerOf,RelatedTo
739,CWE-372,CWE-664,ChildOf,RelatedTo
740,CWE-374,CWE-668,ChildOf,RelatedTo
741,CWE-375,CWE-668,ChildOf,RelatedTo
742,CWE-377,CWE-668,ChildOf,RelatedTo
743,CWE-378,CWE-377,ChildOf,RelatedTo
744,CWE-379,CWE-377,ChildOf,RelatedTo
745,CWE-38,CWE-36,ChildOf,RelatedTo
746,CWE-382,CWE-705,ChildOf,RelatedTo
747,CWE-383,CWE-695,ChildOf,RelatedTo
748,CWE-384,CWE-610,ChildOf,RelatedTo
749,CWE-384,CWE-346,Requires,RelatedTo
750,CWE-384,CWE-472,Requires,RelatedTo
751,CWE-384,CWE-441,Requires,RelatedTo
752,CWE-385,CWE-514,ChildOf,RelatedTo
753,CWE-386,CWE-706,ChildOf,RelatedTo
754,CWE-386,CWE-367,PeerOf,RelatedTo
755,CWE-386,CWE-610,PeerOf,RelatedTo
756,CWE-386,CWE-486,PeerOf,RelatedTo
757,CWE-39,CWE-36,ChildOf,RelatedTo
758,CWE-390,CWE-755,ChildOf,RelatedTo
759,CWE-390,CWE-401,CanPrecede,RelatedTo
760,CWE-391,CWE-754,ChildOf,RelatedTo
761,CWE-391,CWE-703,ChildOf,RelatedTo
762,CWE-392,CWE-755,ChildOf,RelatedTo
763,CWE-392,CWE-684,ChildOf,RelatedTo
764,CWE-392,CWE-703,ChildOf,RelatedTo
765,CWE-393,CWE-684,ChildOf,RelatedTo
766,CWE-393,CWE-703,ChildOf,RelatedTo
767,CWE-394,CWE-754,ChildOf,RelatedTo
768,CWE-395,CWE-705,ChildOf,RelatedTo
769,CWE-395,CWE-755,ChildOf,RelatedTo
770,CWE-396,CWE-705,ChildOf,RelatedTo
771,CWE-396,CWE-755,ChildOf,RelatedTo
772,CWE-396,CWE-221,ChildOf,RelatedTo
773,CWE-397,CWE-705,ChildOf,RelatedTo
774,CWE-397,CWE-221,ChildOf,RelatedTo
775,CWE-397,CWE-703,ChildOf,RelatedTo
776,CWE-40,CWE-36,ChildOf,RelatedTo
777,CWE-400,CWE-664,ChildOf,RelatedTo
778,CWE-401,CWE-772,ChildOf,RelatedTo
779,CWE-401,CWE-404,ChildOf,RelatedTo
780,CWE-402,CWE-668,ChildOf,RelatedTo
781,CWE-403,CWE-402,ChildOf,RelatedTo
782,CWE-404,CWE-664,ChildOf,RelatedTo
783,CWE-404,CWE-405,PeerOf,RelatedTo
784,CWE-404,CWE-619,CanPrecede,RelatedTo
785,CWE-405,CWE-400,ChildOf,RelatedTo
786,CWE-406,CWE-405,ChildOf,RelatedTo
787,CWE-407,CWE-405,ChildOf,RelatedTo
788,CWE-408,CWE-405,ChildOf,RelatedTo
789,CWE-408,CWE-696,ChildOf,RelatedTo
790,CWE-409,CWE-405,ChildOf,RelatedTo
791,CWE-41,CWE-706,ChildOf,RelatedTo
792,CWE-410,CWE-664,ChildOf,RelatedTo
793,CWE-410,CWE-400,CanPrecede,RelatedTo
794,CWE-412,CWE-667,ChildOf,RelatedTo
795,CWE-412,CWE-410,CanAlsoBe,RelatedTo
796,CWE-413,CWE-667,ChildOf,RelatedTo
797,CWE-414,CWE-667,ChildOf,RelatedTo
798,CWE-415,CWE-825,ChildOf,RelatedTo
800,CWE-415,CWE-672,ChildOf,RelatedTo
801,CWE-415,CWE-666,ChildOf,RelatedTo
802,CWE-415,CWE-416,PeerOf,RelatedTo
803,CWE-415,CWE-123,PeerOf,RelatedTo
804,CWE-416,CWE-825,ChildOf,RelatedTo
805,CWE-416,CWE-672,ChildOf,RelatedTo
806,CWE-416,CWE-120,CanPrecede,RelatedTo
807,CWE-416,CWE-123,CanPrecede,RelatedTo
808,CWE-419,CWE-923,ChildOf,RelatedTo
809,CWE-42,CWE-41,ChildOf,RelatedTo
810,CWE-42,CWE-162,ChildOf,RelatedTo
811,CWE-420,CWE-923,ChildOf,RelatedTo
812,CWE-421,CWE-420,ChildOf,RelatedTo
813,CWE-421,CWE-362,ChildOf,RelatedTo
814,CWE-422,CWE-420,ChildOf,RelatedTo
815,CWE-422,CWE-360,ChildOf,RelatedTo
816,CWE-424,CWE-693,ChildOf,RelatedTo
817,CWE-424,CWE-638,ChildOf,RelatedTo
818,CWE-425,CWE-862,ChildOf,RelatedTo
819,CWE-425,CWE-288,ChildOf,RelatedTo
820,CWE-425,CWE-424,ChildOf,RelatedTo
821,CWE-425,CWE-471,CanPrecede,RelatedTo
822,CWE-425,CWE-98,CanPrecede,RelatedTo
823,CWE-426,CWE-642,ChildOf,RelatedTo
824,CWE-426,CWE-668,ChildOf,RelatedTo
825,CWE-426,CWE-673,ChildOf,RelatedTo
826,CWE-426,CWE-427,PeerOf,RelatedTo
827,CWE-426,CWE-428,PeerOf,RelatedTo
828,CWE-427,CWE-668,ChildOf,RelatedTo
829,CWE-428,CWE-668,ChildOf,RelatedTo
830,CWE-43,CWE-42,ChildOf,RelatedTo
831,CWE-43,CWE-163,ChildOf,RelatedTo
832,CWE-430,CWE-691,ChildOf,RelatedTo
833,CWE-430,CWE-433,CanPrecede,RelatedTo
834,CWE-430,CWE-434,PeerOf,RelatedTo
835,CWE-431,CWE-691,ChildOf,RelatedTo
836,CWE-431,CWE-433,CanPrecede,RelatedTo
837,CWE-432,CWE-364,ChildOf,RelatedTo
838,CWE-433,CWE-219,ChildOf,RelatedTo
839,CWE-434,CWE-669,ChildOf,RelatedTo
840,CWE-434,CWE-351,PeerOf,RelatedTo
841,CWE-434,CWE-436,PeerOf,RelatedTo
842,CWE-434,CWE-430,PeerOf,RelatedTo
843,CWE-436,CWE-435,ChildOf,RelatedTo
844,CWE-437,CWE-436,ChildOf,RelatedTo
845,CWE-439,CWE-435,ChildOf,RelatedTo
846,CWE-44,CWE-41,ChildOf,RelatedTo
847,CWE-440,CWE-684,ChildOf,RelatedTo
848,CWE-441,CWE-610,ChildOf,RelatedTo
849,CWE-441,CWE-668,CanPrecede,RelatedTo
850,CWE-444,CWE-436,ChildOf,RelatedTo
851,CWE-446,CWE-684,ChildOf,RelatedTo
852,CWE-447,CWE-446,ChildOf,RelatedTo
853,CWE-447,CWE-671,ChildOf,RelatedTo
854,CWE-448,CWE-446,ChildOf,RelatedTo
855,CWE-449,CWE-446,ChildOf,RelatedTo
856,CWE-45,CWE-44,ChildOf,RelatedTo
857,CWE-45,CWE-165,ChildOf,RelatedTo
858,CWE-450,CWE-357,ChildOf,RelatedTo
859,CWE-451,CWE-684,ChildOf,RelatedTo
860,CWE-451,CWE-221,ChildOf,RelatedTo
861,CWE-451,CWE-346,PeerOf,RelatedTo
862,CWE-453,CWE-1188,ChildOf,RelatedTo
864,CWE-454,CWE-456,CanAlsoBe,RelatedTo
865,CWE-455,CWE-665,ChildOf,RelatedTo
866,CWE-455,CWE-705,ChildOf,RelatedTo
867,CWE-455,CWE-636,ChildOf,RelatedTo
868,CWE-456,CWE-909,ChildOf,RelatedTo
869,CWE-456,CWE-665,ChildOf,RelatedTo
870,CWE-456,CWE-89,CanPrecede,RelatedTo
871,CWE-456,CWE-120,CanPrecede,RelatedTo
872,CWE-456,CWE-98,CanPrecede,RelatedTo
873,CWE-456,CWE-457,CanPrecede,RelatedTo
874,CWE-457,CWE-908,ChildOf,RelatedTo
875,CWE-457,CWE-665,ChildOf,RelatedTo
876,CWE-459,CWE-404,ChildOf,RelatedTo
877,CWE-46,CWE-41,ChildOf,RelatedTo
878,CWE-46,CWE-162,ChildOf,RelatedTo
879,CWE-46,CWE-289,CanPrecede,RelatedTo
880,CWE-460,CWE-459,ChildOf,RelatedTo
881,CWE-460,CWE-755,ChildOf,RelatedTo
882,CWE-462,CWE-694,ChildOf,RelatedTo
883,CWE-463,CWE-707,ChildOf,RelatedTo
884,CWE-463,CWE-464,PeerOf,RelatedTo
885,CWE-464,CWE-138,ChildOf,RelatedTo
886,CWE-466,CWE-119,ChildOf,RelatedTo
887,CWE-466,CWE-20,ChildOf,RelatedTo
888,CWE-467,CWE-131,ChildOf,RelatedTo
889,CWE-468,CWE-682,ChildOf,RelatedTo
890,CWE-469,CWE-682,ChildOf,RelatedTo
891,CWE-47,CWE-41,ChildOf,RelatedTo
892,CWE-470,CWE-913,ChildOf,RelatedTo
893,CWE-470,CWE-610,ChildOf,RelatedTo
894,CWE-470,CWE-20,ChildOf,RelatedTo
895,CWE-471,CWE-664,ChildOf,RelatedTo
896,CWE-472,CWE-642,ChildOf,RelatedTo
897,CWE-472,CWE-471,ChildOf,RelatedTo
898,CWE-473,CWE-471,ChildOf,RelatedTo
899,CWE-473,CWE-98,CanPrecede,RelatedTo
900,CWE-474,CWE-758,ChildOf,RelatedTo
901,CWE-475,CWE-573,ChildOf,RelatedTo
902,CWE-476,CWE-710,ChildOf,RelatedTo
903,CWE-476,CWE-754,ChildOf,RelatedTo
904,CWE-477,CWE-710,ChildOf,RelatedTo
905,CWE-478,CWE-1023,ChildOf,RelatedTo
906,CWE-479,CWE-828,ChildOf,RelatedTo
907,CWE-479,CWE-663,ChildOf,RelatedTo
908,CWE-479,CWE-123,CanPrecede,RelatedTo
909,CWE-48,CWE-41,ChildOf,RelatedTo
910,CWE-480,CWE-670,ChildOf,RelatedTo
911,CWE-481,CWE-480,ChildOf,RelatedTo
912,CWE-481,CWE-697,CanPrecede,RelatedTo
913,CWE-482,CWE-480,ChildOf,RelatedTo
914,CWE-483,CWE-670,ChildOf,RelatedTo
915,CWE-484,CWE-710,ChildOf,RelatedTo
916,CWE-484,CWE-670,ChildOf,RelatedTo
917,CWE-486,CWE-1025,ChildOf,RelatedTo
918,CWE-487,CWE-664,ChildOf,RelatedTo
919,CWE-488,CWE-668,ChildOf,RelatedTo
920,CWE-489,CWE-710,ChildOf,RelatedTo
921,CWE-489,CWE-215,CanPrecede,RelatedTo
922,CWE-49,CWE-41,ChildOf,RelatedTo
923,CWE-49,CWE-162,ChildOf,RelatedTo
924,CWE-491,CWE-668,ChildOf,RelatedTo
925,CWE-492,CWE-668,ChildOf,RelatedTo
926,CWE-493,CWE-668,ChildOf,RelatedTo
927,CWE-494,CWE-345,ChildOf,RelatedTo
928,CWE-494,CWE-669,ChildOf,RelatedTo
929,CWE-495,CWE-664,ChildOf,RelatedTo
930,CWE-496,CWE-664,ChildOf,RelatedTo
931,CWE-497,CWE-200,ChildOf,RelatedTo
932,CWE-498,CWE-668,ChildOf,RelatedTo
933,CWE-498,CWE-200,CanPrecede,RelatedTo
934,CWE-499,CWE-668,ChildOf,RelatedTo
935,CWE-499,CWE-200,CanPrecede,RelatedTo
936,CWE-5,CWE-319,ChildOf,RelatedTo
937,CWE-50,CWE-41,ChildOf,RelatedTo
938,CWE-50,CWE-161,ChildOf,RelatedTo
939,CWE-500,CWE-493,ChildOf,RelatedTo
940,CWE-501,CWE-664,ChildOf,RelatedTo
941,CWE-502,CWE-913,ChildOf,RelatedTo
942,CWE-502,CWE-915,PeerOf,RelatedTo
943,CWE-506,CWE-912,ChildOf,RelatedTo
944,CWE-507,CWE-506,ChildOf,RelatedTo
945,CWE-508,CWE-507,ChildOf,RelatedTo
946,CWE-509,CWE-507,ChildOf,RelatedTo
947,CWE-51,CWE-41,ChildOf,RelatedTo
948,CWE-510,CWE-506,ChildOf,RelatedTo
949,CWE-511,CWE-506,ChildOf,RelatedTo
950,CWE-512,CWE-506,ChildOf,RelatedTo
951,CWE-514,CWE-1229,ChildOf,RelatedTo
952,CWE-515,CWE-514,ChildOf,RelatedTo
953,CWE-52,CWE-41,ChildOf,RelatedTo
954,CWE-52,CWE-163,ChildOf,RelatedTo
955,CWE-52,CWE-289,CanPrecede,RelatedTo
956,CWE-520,CWE-266,ChildOf,RelatedTo
958,CWE-521,CWE-287,ChildOf,RelatedTo
960,CWE-522,CWE-287,ChildOf,RelatedTo
961,CWE-522,CWE-668,ChildOf,RelatedTo
962,CWE-523,CWE-522,ChildOf,RelatedTo
963,CWE-523,CWE-312,CanAlsoBe,RelatedTo
964,CWE-524,CWE-668,ChildOf,RelatedTo
965,CWE-525,CWE-524,ChildOf,RelatedTo
966,CWE-526,CWE-312,ChildOf,RelatedTo
967,CWE-526,CWE-214,PeerOf,RelatedTo
968,CWE-527,CWE-552,ChildOf,RelatedTo
969,CWE-528,CWE-552,ChildOf,RelatedTo
970,CWE-529,CWE-552,ChildOf,RelatedTo
971,CWE-53,CWE-41,ChildOf,RelatedTo
972,CWE-53,CWE-165,ChildOf,RelatedTo
973,CWE-530,CWE-552,ChildOf,RelatedTo
974,CWE-531,CWE-540,ChildOf,RelatedTo
975,CWE-532,CWE-538,ChildOf,RelatedTo
976,CWE-532,CWE-200,ChildOf,RelatedTo
977,CWE-535,CWE-211,ChildOf,RelatedTo
978,CWE-536,CWE-211,ChildOf,RelatedTo
979,CWE-537,CWE-211,ChildOf,RelatedTo
980,CWE-538,CWE-200,ChildOf,RelatedTo
981,CWE-539,CWE-552,ChildOf,RelatedTo
982,CWE-54,CWE-41,ChildOf,RelatedTo
983,CWE-54,CWE-162,ChildOf,RelatedTo
984,CWE-540,CWE-538,ChildOf,RelatedTo
985,CWE-541,CWE-540,ChildOf,RelatedTo
986,CWE-543,CWE-820,ChildOf,RelatedTo
987,CWE-543,CWE-662,ChildOf,RelatedTo
988,CWE-544,CWE-755,ChildOf,RelatedTo
989,CWE-546,CWE-1078,ChildOf,RelatedTo
990,CWE-547,CWE-1078,ChildOf,RelatedTo
991,CWE-548,CWE-497,ChildOf,RelatedTo
992,CWE-549,CWE-522,ChildOf,RelatedTo
993,CWE-55,CWE-41,ChildOf,RelatedTo
994,CWE-550,CWE-209,ChildOf,RelatedTo
995,CWE-551,CWE-863,ChildOf,RelatedTo
996,CWE-551,CWE-696,ChildOf,RelatedTo
997,CWE-552,CWE-668,ChildOf,RelatedTo
998,CWE-552,CWE-285,ChildOf,RelatedTo
999,CWE-553,CWE-552,ChildOf,RelatedTo
1000,CWE-554,CWE-1173,ChildOf,RelatedTo
1001,CWE-555,CWE-260,ChildOf,RelatedTo
1002,CWE-556,CWE-266,ChildOf,RelatedTo
1003,CWE-558,CWE-663,ChildOf,RelatedTo
1004,CWE-56,CWE-41,ChildOf,RelatedTo
1005,CWE-56,CWE-155,ChildOf,RelatedTo
1006,CWE-560,CWE-687,ChildOf,RelatedTo
1007,CWE-561,CWE-1164,ChildOf,RelatedTo
1008,CWE-562,CWE-758,ChildOf,RelatedTo
1009,CWE-562,CWE-672,CanPrecede,RelatedTo
1010,CWE-562,CWE-825,CanPrecede,RelatedTo
1011,CWE-563,CWE-1164,ChildOf,RelatedTo
1012,CWE-564,CWE-89,ChildOf,RelatedTo
1013,CWE-565,CWE-642,ChildOf,RelatedTo
1014,CWE-565,CWE-669,ChildOf,RelatedTo
1015,CWE-565,CWE-602,ChildOf,RelatedTo
1016,CWE-566,CWE-639,ChildOf,RelatedTo
1017,CWE-567,CWE-820,ChildOf,RelatedTo
1018,CWE-567,CWE-662,ChildOf,RelatedTo
1019,CWE-567,CWE-488,CanPrecede,RelatedTo
1020,CWE-568,CWE-573,ChildOf,RelatedTo
1021,CWE-568,CWE-459,ChildOf,RelatedTo
1022,CWE-57,CWE-41,ChildOf,RelatedTo
1023,CWE-570,CWE-710,ChildOf,RelatedTo
1024,CWE-570,CWE-561,CanPrecede,RelatedTo
1025,CWE-571,CWE-710,ChildOf,RelatedTo
1026,CWE-571,CWE-561,CanPrecede,RelatedTo
1027,CWE-572,CWE-821,ChildOf,RelatedTo
1028,CWE-573,CWE-710,ChildOf,RelatedTo
1029,CWE-574,CWE-695,ChildOf,RelatedTo
1030,CWE-574,CWE-821,ChildOf,RelatedTo
1031,CWE-575,CWE-695,ChildOf,RelatedTo
1032,CWE-576,CWE-695,ChildOf,RelatedTo
1033,CWE-577,CWE-573,ChildOf,RelatedTo
1034,CWE-578,CWE-573,ChildOf,RelatedTo
1035,CWE-579,CWE-573,ChildOf,RelatedTo
1036,CWE-58,CWE-41,ChildOf,RelatedTo
1037,CWE-580,CWE-664,ChildOf,RelatedTo
1038,CWE-580,CWE-573,ChildOf,RelatedTo
1039,CWE-581,CWE-573,ChildOf,RelatedTo
1040,CWE-581,CWE-697,ChildOf,RelatedTo
1041,CWE-582,CWE-668,ChildOf,RelatedTo
1042,CWE-583,CWE-668,ChildOf,RelatedTo
1043,CWE-584,CWE-705,ChildOf,RelatedTo
1044,CWE-585,CWE-1071,ChildOf,RelatedTo
1045,CWE-586,CWE-1076,ChildOf,RelatedTo
1046,CWE-587,CWE-344,ChildOf,RelatedTo
1047,CWE-587,CWE-758,ChildOf,RelatedTo
1048,CWE-588,CWE-704,ChildOf,RelatedTo
1049,CWE-588,CWE-758,ChildOf,RelatedTo
1050,CWE-589,CWE-474,ChildOf,RelatedTo
1051,CWE-59,CWE-706,ChildOf,RelatedTo
1052,CWE-590,CWE-762,ChildOf,RelatedTo
1053,CWE-590,CWE-123,CanPrecede,RelatedTo
1054,CWE-591,CWE-413,ChildOf,RelatedTo
1055,CWE-593,CWE-666,ChildOf,RelatedTo
1057,CWE-594,CWE-1076,ChildOf,RelatedTo
1058,CWE-595,CWE-1025,ChildOf,RelatedTo
1059,CWE-597,CWE-595,ChildOf,RelatedTo
1060,CWE-597,CWE-480,ChildOf,RelatedTo
1061,CWE-598,CWE-201,ChildOf,RelatedTo
1062,CWE-599,CWE-295,ChildOf,RelatedTo
1063,CWE-6,CWE-334,ChildOf,RelatedTo
1064,CWE-600,CWE-248,ChildOf,RelatedTo
1065,CWE-600,CWE-209,CanPrecede,RelatedTo
1066,CWE-600,CWE-390,PeerOf,RelatedTo
1067,CWE-601,CWE-610,ChildOf,RelatedTo
1068,CWE-602,CWE-693,ChildOf,RelatedTo
1069,CWE-602,CWE-471,CanPrecede,RelatedTo
1070,CWE-602,CWE-290,PeerOf,RelatedTo
1071,CWE-602,CWE-300,PeerOf,RelatedTo
1073,CWE-603,CWE-602,ChildOf,RelatedTo
1074,CWE-603,CWE-300,PeerOf,RelatedTo
1075,CWE-603,CWE-656,PeerOf,RelatedTo
1076,CWE-605,CWE-675,ChildOf,RelatedTo
1077,CWE-605,CWE-666,ChildOf,RelatedTo
1078,CWE-606,CWE-1284,ChildOf,RelatedTo
1079,CWE-606,CWE-834,CanPrecede,RelatedTo
1080,CWE-607,CWE-471,ChildOf,RelatedTo
1081,CWE-608,CWE-668,ChildOf,RelatedTo
1082,CWE-609,CWE-667,ChildOf,RelatedTo
1083,CWE-609,CWE-367,CanPrecede,RelatedTo
1084,CWE-61,CWE-59,ChildOf,RelatedTo
1085,CWE-61,CWE-362,Requires,RelatedTo
1086,CWE-61,CWE-340,Requires,RelatedTo
1087,CWE-61,CWE-386,Requires,RelatedTo
1088,CWE-61,CWE-732,Requires,RelatedTo
1089,CWE-610,CWE-664,ChildOf,RelatedTo
1090,CWE-611,CWE-610,ChildOf,RelatedTo
1091,CWE-611,CWE-441,PeerOf,RelatedTo
1092,CWE-612,CWE-1230,ChildOf,RelatedTo
1093,CWE-613,CWE-672,ChildOf,RelatedTo
1094,CWE-613,CWE-287,CanPrecede,RelatedTo
1095,CWE-614,CWE-319,ChildOf,RelatedTo
1096,CWE-615,CWE-540,ChildOf,RelatedTo
1097,CWE-615,CWE-546,PeerOf,RelatedTo
1098,CWE-616,CWE-345,ChildOf,RelatedTo
1099,CWE-616,CWE-473,PeerOf,RelatedTo
1100,CWE-617,CWE-670,ChildOf,RelatedTo
1101,CWE-618,CWE-749,ChildOf,RelatedTo
1102,CWE-619,CWE-402,ChildOf,RelatedTo
1103,CWE-62,CWE-59,ChildOf,RelatedTo
1105,CWE-621,CWE-914,ChildOf,RelatedTo
1106,CWE-621,CWE-471,CanPrecede,RelatedTo
1107,CWE-622,CWE-20,ChildOf,RelatedTo
1108,CWE-623,CWE-267,ChildOf,RelatedTo
1109,CWE-623,CWE-618,PeerOf,RelatedTo
1110,CWE-624,CWE-77,ChildOf,RelatedTo
1111,CWE-625,CWE-185,ChildOf,RelatedTo
1112,CWE-625,CWE-187,PeerOf,RelatedTo
1113,CWE-625,CWE-184,PeerOf,RelatedTo
1114,CWE-625,CWE-183,PeerOf,RelatedTo
1115,CWE-626,CWE-147,ChildOf,RelatedTo
1116,CWE-626,CWE-436,ChildOf,RelatedTo
1117,CWE-627,CWE-914,ChildOf,RelatedTo
1118,CWE-627,CWE-183,PeerOf,RelatedTo
1119,CWE-628,CWE-573,ChildOf,RelatedTo
1120,CWE-636,CWE-657,ChildOf,RelatedTo
1121,CWE-636,CWE-755,ChildOf,RelatedTo
1122,CWE-636,CWE-280,PeerOf,RelatedTo
1123,CWE-637,CWE-657,ChildOf,RelatedTo
1124,CWE-638,CWE-657,ChildOf,RelatedTo
1125,CWE-638,CWE-862,ChildOf,RelatedTo
1126,CWE-639,CWE-863,ChildOf,RelatedTo
1127,CWE-639,CWE-284,ChildOf,RelatedTo
1128,CWE-64,CWE-59,ChildOf,RelatedTo
1130,CWE-640,CWE-287,ChildOf,RelatedTo
1131,CWE-641,CWE-99,ChildOf,RelatedTo
1132,CWE-642,CWE-668,ChildOf,RelatedTo
1133,CWE-643,CWE-943,ChildOf,RelatedTo
1134,CWE-643,CWE-91,ChildOf,RelatedTo
1135,CWE-644,CWE-116,ChildOf,RelatedTo
1136,CWE-645,CWE-287,ChildOf,RelatedTo
1137,CWE-646,CWE-345,ChildOf,RelatedTo
1138,CWE-647,CWE-863,ChildOf,RelatedTo
1139,CWE-648,CWE-269,ChildOf,RelatedTo
1140,CWE-649,CWE-345,ChildOf,RelatedTo
1141,CWE-65,CWE-59,ChildOf,RelatedTo
1142,CWE-650,CWE-436,ChildOf,RelatedTo
1143,CWE-651,CWE-538,ChildOf,RelatedTo
1144,CWE-652,CWE-943,ChildOf,RelatedTo
1145,CWE-652,CWE-91,ChildOf,RelatedTo
1146,CWE-653,CWE-657,ChildOf,RelatedTo
1147,CWE-653,CWE-693,ChildOf,RelatedTo
1148,CWE-654,CWE-657,ChildOf,RelatedTo
1149,CWE-654,CWE-693,ChildOf,RelatedTo
1150,CWE-655,CWE-657,ChildOf,RelatedTo
1151,CWE-655,CWE-693,ChildOf,RelatedTo
1152,CWE-656,CWE-657,ChildOf,RelatedTo
1153,CWE-656,CWE-693,ChildOf,RelatedTo
1154,CWE-656,CWE-259,CanPrecede,RelatedTo
1155,CWE-656,CWE-321,CanPrecede,RelatedTo
1156,CWE-656,CWE-472,CanPrecede,RelatedTo
1157,CWE-657,CWE-710,ChildOf,RelatedTo
1158,CWE-66,CWE-706,ChildOf,RelatedTo
1159,CWE-662,CWE-664,ChildOf,RelatedTo
1160,CWE-662,CWE-691,ChildOf,RelatedTo
1161,CWE-662,CWE-362,CanPrecede,RelatedTo
1162,CWE-663,CWE-662,ChildOf,RelatedTo
1163,CWE-665,CWE-664,ChildOf,RelatedTo
1164,CWE-666,CWE-664,ChildOf,RelatedTo
1165,CWE-667,CWE-662,ChildOf,RelatedTo
1166,CWE-668,CWE-664,ChildOf,RelatedTo
1167,CWE-669,CWE-664,ChildOf,RelatedTo
1168,CWE-67,CWE-66,ChildOf,RelatedTo
1169,CWE-670,CWE-691,ChildOf,RelatedTo
1170,CWE-671,CWE-657,ChildOf,RelatedTo
1171,CWE-672,CWE-666,ChildOf,RelatedTo
1172,CWE-673,CWE-664,ChildOf,RelatedTo
1173,CWE-674,CWE-834,ChildOf,RelatedTo
1174,CWE-675,CWE-573,ChildOf,RelatedTo
1175,CWE-675,CWE-586,PeerOf,RelatedTo
1176,CWE-675,CWE-102,PeerOf,RelatedTo
1177,CWE-676,CWE-1177,ChildOf,RelatedTo
1178,CWE-680,CWE-190,StartsWith,RelatedTo
1179,CWE-680,CWE-190,ChildOf,RelatedTo
1180,CWE-681,CWE-704,ChildOf,RelatedTo
1181,CWE-681,CWE-682,CanPrecede,RelatedTo
1182,CWE-682,CWE-170,CanPrecede,RelatedTo
1183,CWE-683,CWE-628,ChildOf,RelatedTo
1184,CWE-684,CWE-710,ChildOf,RelatedTo
1185,CWE-685,CWE-628,ChildOf,RelatedTo
1186,CWE-686,CWE-628,ChildOf,RelatedTo
1187,CWE-687,CWE-628,ChildOf,RelatedTo
1188,CWE-688,CWE-628,ChildOf,RelatedTo
1189,CWE-689,CWE-362,ChildOf,RelatedTo
1190,CWE-689,CWE-362,Requires,RelatedTo
1191,CWE-689,CWE-732,Requires,RelatedTo
1192,CWE-69,CWE-66,ChildOf,RelatedTo
1193,CWE-690,CWE-252,StartsWith,RelatedTo
1194,CWE-690,CWE-252,ChildOf,RelatedTo
1195,CWE-692,CWE-184,StartsWith,RelatedTo
1196,CWE-692,CWE-184,ChildOf,RelatedTo
1197,CWE-694,CWE-99,ChildOf,RelatedTo
1198,CWE-694,CWE-573,ChildOf,RelatedTo
1199,CWE-695,CWE-573,ChildOf,RelatedTo
1200,CWE-696,CWE-691,ChildOf,RelatedTo
1201,CWE-698,CWE-705,ChildOf,RelatedTo
1202,CWE-698,CWE-670,ChildOf,RelatedTo
1203,CWE-7,CWE-756,ChildOf,RelatedTo
1204,CWE-704,CWE-664,ChildOf,RelatedTo
1205,CWE-705,CWE-691,ChildOf,RelatedTo
1206,CWE-706,CWE-664,ChildOf,RelatedTo
1207,CWE-706,CWE-99,PeerOf,RelatedTo
1208,CWE-708,CWE-282,ChildOf,RelatedTo
1209,CWE-708,CWE-345,CanAlsoBe,RelatedTo
1210,CWE-72,CWE-66,ChildOf,RelatedTo
1211,CWE-73,CWE-642,ChildOf,RelatedTo
1212,CWE-73,CWE-610,ChildOf,RelatedTo
1213,CWE-73,CWE-20,ChildOf,RelatedTo
1214,CWE-73,CWE-22,CanPrecede,RelatedTo
1215,CWE-73,CWE-41,CanPrecede,RelatedTo
1216,CWE-73,CWE-98,CanPrecede,RelatedTo
1217,CWE-73,CWE-434,CanPrecede,RelatedTo
1218,CWE-73,CWE-59,CanPrecede,RelatedTo
1219,CWE-732,CWE-285,ChildOf,RelatedTo
1220,CWE-732,CWE-668,ChildOf,RelatedTo
1221,CWE-733,CWE-1038,ChildOf,RelatedTo
1222,CWE-74,CWE-707,ChildOf,RelatedTo
1223,CWE-749,CWE-284,ChildOf,RelatedTo
1224,CWE-75,CWE-74,ChildOf,RelatedTo
1225,CWE-754,CWE-703,ChildOf,RelatedTo
1226,CWE-754,CWE-416,CanPrecede,RelatedTo
1227,CWE-755,CWE-703,ChildOf,RelatedTo
1228,CWE-756,CWE-755,ChildOf,RelatedTo
1229,CWE-756,CWE-209,CanPrecede,RelatedTo
1230,CWE-757,CWE-693,ChildOf,RelatedTo
1231,CWE-758,CWE-710,ChildOf,RelatedTo
1232,CWE-759,CWE-916,ChildOf,RelatedTo
1233,CWE-76,CWE-75,ChildOf,RelatedTo
1234,CWE-760,CWE-916,ChildOf,RelatedTo
1235,CWE-761,CWE-763,ChildOf,RelatedTo
1236,CWE-761,CWE-404,ChildOf,RelatedTo
1237,CWE-762,CWE-763,ChildOf,RelatedTo
1238,CWE-762,CWE-404,ChildOf,RelatedTo
1239,CWE-763,CWE-404,ChildOf,RelatedTo
1240,CWE-764,CWE-667,ChildOf,RelatedTo
1241,CWE-764,CWE-675,ChildOf,RelatedTo
1242,CWE-764,CWE-662,ChildOf,RelatedTo
1243,CWE-765,CWE-667,ChildOf,RelatedTo
1244,CWE-765,CWE-675,ChildOf,RelatedTo
1245,CWE-766,CWE-732,ChildOf,RelatedTo
1246,CWE-766,CWE-1061,ChildOf,RelatedTo
1247,CWE-767,CWE-668,ChildOf,RelatedTo
1248,CWE-768,CWE-691,ChildOf,RelatedTo
1249,CWE-77,CWE-74,ChildOf,RelatedTo
1250,CWE-770,CWE-400,ChildOf,RelatedTo
1251,CWE-770,CWE-665,ChildOf,RelatedTo
1252,CWE-771,CWE-400,ChildOf,RelatedTo
1253,CWE-772,CWE-404,ChildOf,RelatedTo
1254,CWE-773,CWE-771,ChildOf,RelatedTo
1255,CWE-774,CWE-770,ChildOf,RelatedTo
1256,CWE-775,CWE-772,ChildOf,RelatedTo
1257,CWE-775,CWE-404,ChildOf,RelatedTo
1258,CWE-776,CWE-674,ChildOf,RelatedTo
1259,CWE-776,CWE-405,ChildOf,RelatedTo
1260,CWE-777,CWE-625,ChildOf,RelatedTo
1261,CWE-778,CWE-223,ChildOf,RelatedTo
1262,CWE-778,CWE-693,ChildOf,RelatedTo
1263,CWE-779,CWE-400,ChildOf,RelatedTo
1264,CWE-78,CWE-77,ChildOf,RelatedTo
1265,CWE-78,CWE-74,ChildOf,RelatedTo
1266,CWE-78,CWE-88,CanAlsoBe,RelatedTo
1267,CWE-780,CWE-327,ChildOf,RelatedTo
1268,CWE-781,CWE-1285,ChildOf,RelatedTo
1269,CWE-781,CWE-822,CanPrecede,RelatedTo
1270,CWE-782,CWE-749,ChildOf,RelatedTo
1271,CWE-782,CWE-781,CanPrecede,RelatedTo
1272,CWE-783,CWE-670,ChildOf,RelatedTo
1273,CWE-784,CWE-807,ChildOf,RelatedTo
1274,CWE-784,CWE-565,ChildOf,RelatedTo
1275,CWE-785,CWE-676,ChildOf,RelatedTo
1276,CWE-785,CWE-120,ChildOf,RelatedTo
1277,CWE-785,CWE-20,ChildOf,RelatedTo
1278,CWE-786,CWE-119,ChildOf,RelatedTo
1279,CWE-787,CWE-119,ChildOf,RelatedTo
1280,CWE-788,CWE-119,ChildOf,RelatedTo
1281,CWE-789,CWE-770,ChildOf,RelatedTo
1282,CWE-789,CWE-476,CanPrecede,RelatedTo
1283,CWE-79,CWE-74,ChildOf,RelatedTo
1284,CWE-79,CWE-494,CanPrecede,RelatedTo
1285,CWE-79,CWE-352,PeerOf,RelatedTo
1286,CWE-790,CWE-138,ChildOf,RelatedTo
1287,CWE-791,CWE-790,ChildOf,RelatedTo
1288,CWE-792,CWE-791,ChildOf,RelatedTo
1289,CWE-793,CWE-792,ChildOf,RelatedTo
1290,CWE-794,CWE-792,ChildOf,RelatedTo
1291,CWE-795,CWE-791,ChildOf,RelatedTo
1292,CWE-796,CWE-795,ChildOf,RelatedTo
1293,CWE-797,CWE-795,ChildOf,RelatedTo
1295,CWE-798,CWE-287,ChildOf,RelatedTo
1296,CWE-798,CWE-344,ChildOf,RelatedTo
1297,CWE-798,CWE-671,ChildOf,RelatedTo
1298,CWE-798,CWE-257,PeerOf,RelatedTo
1299,CWE-799,CWE-691,ChildOf,RelatedTo
1300,CWE-8,CWE-668,ChildOf,RelatedTo
1301,CWE-80,CWE-79,ChildOf,RelatedTo
1302,CWE-804,CWE-863,ChildOf,RelatedTo
1304,CWE-805,CWE-119,ChildOf,RelatedTo
1305,CWE-806,CWE-805,ChildOf,RelatedTo
1306,CWE-807,CWE-693,ChildOf,RelatedTo
1307,CWE-81,CWE-79,ChildOf,RelatedTo
1308,CWE-81,CWE-209,CanAlsoBe,RelatedTo
1309,CWE-81,CWE-390,CanAlsoBe,RelatedTo
1310,CWE-82,CWE-83,ChildOf,RelatedTo
1311,CWE-820,CWE-662,ChildOf,RelatedTo
1312,CWE-821,CWE-662,ChildOf,RelatedTo
1313,CWE-822,CWE-119,ChildOf,RelatedTo
1314,CWE-822,CWE-125,CanPrecede,RelatedTo
1315,CWE-822,CWE-787,CanPrecede,RelatedTo
1316,CWE-823,CWE-119,ChildOf,RelatedTo
1317,CWE-823,CWE-125,CanPrecede,RelatedTo
1318,CWE-823,CWE-787,CanPrecede,RelatedTo
1319,CWE-824,CWE-119,ChildOf,RelatedTo
1320,CWE-824,CWE-125,CanPrecede,RelatedTo
1321,CWE-824,CWE-787,CanPrecede,RelatedTo
1322,CWE-825,CWE-119,ChildOf,RelatedTo
1323,CWE-825,CWE-672,ChildOf,RelatedTo
1324,CWE-825,CWE-125,CanPrecede,RelatedTo
1325,CWE-825,CWE-787,CanPrecede,RelatedTo
1326,CWE-826,CWE-666,ChildOf,RelatedTo
1327,CWE-826,CWE-672,CanPrecede,RelatedTo
1328,CWE-827,CWE-706,ChildOf,RelatedTo
1329,CWE-827,CWE-829,ChildOf,RelatedTo
1330,CWE-827,CWE-776,CanPrecede,RelatedTo
1331,CWE-828,CWE-364,ChildOf,RelatedTo
1332,CWE-829,CWE-669,ChildOf,RelatedTo
1333,CWE-83,CWE-79,ChildOf,RelatedTo
1334,CWE-830,CWE-829,ChildOf,RelatedTo
1335,CWE-831,CWE-364,ChildOf,RelatedTo
1336,CWE-832,CWE-667,ChildOf,RelatedTo
1337,CWE-833,CWE-667,ChildOf,RelatedTo
1338,CWE-833,CWE-662,ChildOf,RelatedTo
1339,CWE-834,CWE-691,ChildOf,RelatedTo
1340,CWE-835,CWE-834,ChildOf,RelatedTo
1342,CWE-836,CWE-602,PeerOf,RelatedTo
1343,CWE-837,CWE-799,ChildOf,RelatedTo
1344,CWE-838,CWE-116,ChildOf,RelatedTo
1345,CWE-839,CWE-1023,ChildOf,RelatedTo
1346,CWE-839,CWE-195,CanPrecede,RelatedTo
1347,CWE-839,CWE-682,CanPrecede,RelatedTo
1348,CWE-839,CWE-119,CanPrecede,RelatedTo
1349,CWE-839,CWE-124,CanPrecede,RelatedTo
1350,CWE-84,CWE-79,ChildOf,RelatedTo
1351,CWE-841,CWE-691,ChildOf,RelatedTo
1352,CWE-842,CWE-286,ChildOf,RelatedTo
1353,CWE-843,CWE-704,ChildOf,RelatedTo
1354,CWE-843,CWE-119,CanPrecede,RelatedTo
1355,CWE-85,CWE-79,ChildOf,RelatedTo
1356,CWE-85,CWE-675,PeerOf,RelatedTo
1357,CWE-86,CWE-79,ChildOf,RelatedTo
1358,CWE-86,CWE-184,PeerOf,RelatedTo
1359,CWE-86,CWE-436,ChildOf,RelatedTo
1360,CWE-862,CWE-285,ChildOf,RelatedTo
1361,CWE-862,CWE-284,ChildOf,RelatedTo
1362,CWE-863,CWE-285,ChildOf,RelatedTo
1363,CWE-863,CWE-284,ChildOf,RelatedTo
1364,CWE-87,CWE-79,ChildOf,RelatedTo
1365,CWE-88,CWE-77,ChildOf,RelatedTo
1366,CWE-88,CWE-74,ChildOf,RelatedTo
1367,CWE-89,CWE-943,ChildOf,RelatedTo
1368,CWE-89,CWE-74,ChildOf,RelatedTo
1369,CWE-9,CWE-266,ChildOf,RelatedTo
1370,CWE-90,CWE-943,ChildOf,RelatedTo
1371,CWE-908,CWE-665,ChildOf,RelatedTo
1372,CWE-909,CWE-665,ChildOf,RelatedTo
1373,CWE-909,CWE-908,CanPrecede,RelatedTo
1374,CWE-91,CWE-74,ChildOf,RelatedTo
1375,CWE-910,CWE-672,ChildOf,RelatedTo
1376,CWE-911,CWE-664,ChildOf,RelatedTo
1377,CWE-911,CWE-672,CanPrecede,RelatedTo
1378,CWE-911,CWE-772,CanPrecede,RelatedTo
1379,CWE-912,CWE-684,ChildOf,RelatedTo
1380,CWE-913,CWE-664,ChildOf,RelatedTo
1381,CWE-914,CWE-99,ChildOf,RelatedTo
1382,CWE-914,CWE-913,ChildOf,RelatedTo
1383,CWE-915,CWE-913,ChildOf,RelatedTo
1384,CWE-915,CWE-502,PeerOf,RelatedTo
1385,CWE-916,CWE-328,ChildOf,RelatedTo
1386,CWE-916,CWE-327,ChildOf,RelatedTo
1387,CWE-917,CWE-77,ChildOf,RelatedTo
1389,CWE-917,CWE-74,ChildOf,RelatedTo
1390,CWE-918,CWE-441,ChildOf,RelatedTo
1391,CWE-918,CWE-610,ChildOf,RelatedTo
1392,CWE-920,CWE-400,ChildOf,RelatedTo
1393,CWE-921,CWE-922,ChildOf,RelatedTo
1394,CWE-922,CWE-664,ChildOf,RelatedTo
1395,CWE-923,CWE-284,ChildOf,RelatedTo
1396,CWE-924,CWE-345,ChildOf,RelatedTo
1397,CWE-925,CWE-940,ChildOf,RelatedTo
1398,CWE-926,CWE-285,ChildOf,RelatedTo
1399,CWE-927,CWE-285,ChildOf,RelatedTo
1400,CWE-927,CWE-668,ChildOf,RelatedTo
1401,CWE-93,CWE-74,ChildOf,RelatedTo
1402,CWE-93,CWE-117,CanPrecede,RelatedTo
1403,CWE-939,CWE-862,ChildOf,RelatedTo
1404,CWE-94,CWE-74,ChildOf,RelatedTo
1405,CWE-94,CWE-913,ChildOf,RelatedTo
1406,CWE-940,CWE-923,ChildOf,RelatedTo
1407,CWE-940,CWE-346,ChildOf,RelatedTo
1408,CWE-941,CWE-923,ChildOf,RelatedTo
1409,CWE-941,CWE-406,CanPrecede,RelatedTo
1410,CWE-942,CWE-863,ChildOf,RelatedTo
1411,CWE-942,CWE-923,ChildOf,RelatedTo
1412,CWE-942,CWE-183,ChildOf,RelatedTo
1413,CWE-942,CWE-668,CanPrecede,RelatedTo
1414,CWE-943,CWE-74,ChildOf,RelatedTo
1415,CWE-95,CWE-94,ChildOf,RelatedTo
1416,CWE-96,CWE-94,ChildOf,RelatedTo
1417,CWE-97,CWE-96,ChildOf,RelatedTo
1418,CWE-98,CWE-706,ChildOf,RelatedTo
1419,CWE-98,CWE-829,ChildOf,RelatedTo
1420,CWE-98,CWE-94,CanPrecede,RelatedTo
1421,CWE-98,CWE-426,CanAlsoBe,RelatedTo
1422,CWE-99,CWE-74,ChildOf,RelatedTo
1423,CWE-99,CWE-706,PeerOf,RelatedTo
1424,CWE-99,CWE-73,CanAlsoBe,RelatedTo
