,CWE,CVE
0,CWE-119,"['CVE-2002-2227', 'CVE-2003-0545', 'CVE-2003-0899', 'CVE-2003-1048', 'CVE-2003-1387', 'CVE-2003-1388', 'CVE-2003-1396', 'CVE-2004-0772', 'CVE-2004-0940', 'CVE-2004-1363', 'CVE-2005-0891', 'CVE-2005-1689', 'CVE-2006-4482', 'CVE-2007-0455', 'CVE-2007-1285', 'CVE-2007-2356', 'CVE-2007-3929', 'CVE-2007-4278', 'CVE-2007-4580', 'CVE-2007-4682', 'CVE-2007-4988', 'CVE-2007-5659', 'CVE-2007-5756', 'CVE-2008-0063', 'CVE-2008-0379', 'CVE-2008-1677', 'CVE-2008-1887', 'CVE-2008-2371', 'CVE-2008-2992', 'CVE-2008-3142', 'CVE-2009-0182', 'CVE-2009-0231', 'CVE-2009-0490', 'CVE-2009-0563', 'CVE-2009-0733', 'CVE-2009-1186', 'CVE-2009-2403', 'CVE-2009-2523', 'CVE-2009-2550', 'CVE-2009-2692', 'CVE-2009-2950', 'CVE-2009-3953', 'CVE-2010-0127', 'CVE-2010-0986', 'CVE-2010-0987', 'CVE-2010-1280', 'CVE-2010-1281', 'CVE-2010-1283', 'CVE-2010-2089', 'CVE-2010-2572', 'CVE-2010-2883', 'CVE-2010-3333', 'CVE-2010-3453', 'CVE-2010-4253', 'CVE-2010-4344', 'CVE-2010-4398', 'CVE-2010-4540', 'CVE-2010-4541', 'CVE-2010-4542', 'CVE-2010-4543', 'CVE-2010-4604', 'CVE-2010-4643', 'CVE-2011-0611', 'CVE-2011-1250', 'CVE-2011-1251', 'CVE-2011-1254', 'CVE-2011-1255', 'CVE-2011-1256', 'CVE-2011-1261', 'CVE-2011-1262', 'CVE-2011-1266', 'CVE-2011-1782', 'CVE-2011-1963', 'CVE-2011-1964', 'CVE-2011-2896', 'CVE-2011-4516', 'CVE-2011-4517', 'CVE-2012-0254', 'CVE-2012-0752', 'CVE-2012-0753', 'CVE-2012-0754', 'CVE-2012-0773', 'CVE-2012-1889', 'CVE-2012-2665', 'CVE-2012-2763', 'CVE-2012-2806', 'CVE-2012-3236', 'CVE-2012-3400', 'CVE-2012-3402', 'CVE-2012-3403', 'CVE-2012-5576', 'CVE-2012-5612', 'CVE-2013-0662', 'CVE-2013-0879', 'CVE-2013-0882', 'CVE-2013-0888', 'CVE-2013-0890', 'CVE-2013-1331', 'CVE-2013-1675', 'CVE-2013-1978', 'CVE-2013-2189', 'CVE-2013-2763', 'CVE-2013-3346', 'CVE-2013-4113', 'CVE-2013-4156', 'CVE-2014-0160', 'CVE-2014-0195', 'CVE-2014-1705', 'CVE-2014-1761', 'CVE-2014-2073', 'CVE-2014-3554', 'CVE-2014-4404', 'CVE-2014-4616', 'CVE-2014-8184', 'CVE-2015-0982', 'CVE-2015-1642', 'CVE-2015-1774', 'CVE-2015-2419', 'CVE-2015-2424', 'CVE-2015-2425', 'CVE-2015-2502', 'CVE-2015-3113', 'CVE-2015-3210', 'CVE-2015-3416', 'CVE-2015-5119', 'CVE-2015-6048', 'CVE-2015-8390', 'CVE-2015-8652', 'CVE-2015-8654', 'CVE-2015-8656', 'CVE-2015-8657', 'CVE-2015-8658', 'CVE-2015-8668', 'CVE-2015-8820', 'CVE-2015-8841', 'CVE-2016-0189', 'CVE-2016-0964', 'CVE-2016-0965', 'CVE-2016-0966', 'CVE-2016-0967', 'CVE-2016-0968', 'CVE-2016-0969', 'CVE-2016-0970', 'CVE-2016-0971', 'CVE-2016-0972', 'CVE-2016-0976', 'CVE-2016-0977', 'CVE-2016-0978', 'CVE-2016-0979', 'CVE-2016-0980', 'CVE-2016-0981', 'CVE-2016-1001', 'CVE-2016-1005', 'CVE-2016-1012', 'CVE-2016-10160', 'CVE-2016-10174', 'CVE-2016-1018', 'CVE-2016-10196', 'CVE-2016-1020', 'CVE-2016-1021', 'CVE-2016-1022', 'CVE-2016-1023', 'CVE-2016-1024', 'CVE-2016-1025', 'CVE-2016-1026', 'CVE-2016-1027', 'CVE-2016-10273', 'CVE-2016-1028', 'CVE-2016-1029', 'CVE-2016-1032', 'CVE-2016-1033', 'CVE-2016-1646', 'CVE-2016-2123', 'CVE-2016-2290', 'CVE-2016-2291', 'CVE-2016-2292', 'CVE-2016-4074', 'CVE-2016-4172', 'CVE-2016-4175', 'CVE-2016-4176', 'CVE-2016-4177', 'CVE-2016-4179', 'CVE-2016-4180', 'CVE-2016-4181', 'CVE-2016-4182', 'CVE-2016-4183', 'CVE-2016-4184', 'CVE-2016-4185', 'CVE-2016-4186', 'CVE-2016-4187', 'CVE-2016-4188', 'CVE-2016-4189', 'CVE-2016-4190', 'CVE-2016-4217', 'CVE-2016-4218', 'CVE-2016-4219', 'CVE-2016-4220', 'CVE-2016-4221', 'CVE-2016-4233', 'CVE-2016-4234', 'CVE-2016-4235', 'CVE-2016-4236', 'CVE-2016-4237', 'CVE-2016-4238', 'CVE-2016-4239', 'CVE-2016-4240', 'CVE-2016-4241', 'CVE-2016-4242', 'CVE-2016-4243', 'CVE-2016-4244', 'CVE-2016-4245', 'CVE-2016-4246', 'CVE-2016-4249', 'CVE-2016-4273', 'CVE-2016-4274', 'CVE-2016-4275', 'CVE-2016-4276', 'CVE-2016-4280', 'CVE-2016-4281', 'CVE-2016-4282', 'CVE-2016-4283', 'CVE-2016-4284', 'CVE-2016-4285', 'CVE-2016-4303', 'CVE-2016-4523', 'CVE-2016-4657', 'CVE-2016-5310', 'CVE-2016-6366', 'CVE-2016-6922', 'CVE-2016-6924', 'CVE-2016-6982', 'CVE-2016-6983', 'CVE-2016-6984', 'CVE-2016-6985', 'CVE-2016-6986', 'CVE-2016-6989', 'CVE-2016-6990', 'CVE-2016-7200', 'CVE-2016-7201', 'CVE-2016-7867', 'CVE-2016-7868', 'CVE-2016-7869', 'CVE-2016-7870', 'CVE-2016-7871', 'CVE-2016-7873', 'CVE-2016-7874', 'CVE-2016-7876', 'CVE-2016-8339', 'CVE-2016-8385', 'CVE-2016-8386', 'CVE-2016-8387', 'CVE-2016-8709', 'CVE-2016-8714', 'CVE-2016-9032', 'CVE-2016-9033', 'CVE-2016-9034', 'CVE-2016-9035', 'CVE-2016-9052', 'CVE-2016-9054', 'CVE-2016-9275', 'CVE-2016-9343', 'CVE-2016-9558', 'CVE-2016-9581', 'CVE-2016-9597', 'CVE-2016-9675', 'CVE-2017-0149', 'CVE-2017-0222', 'CVE-2017-10671', 'CVE-2017-12122', 'CVE-2017-12166', 'CVE-2017-12601', 'CVE-2017-12862', 'CVE-2017-13755', 'CVE-2017-14107', 'CVE-2017-14440', 'CVE-2017-14445', 'CVE-2017-14446', 'CVE-2017-14448', 'CVE-2017-14491', 'CVE-2017-16252', 'CVE-2017-16253', 'CVE-2017-16254', 'CVE-2017-16255', 'CVE-2017-16337', 'CVE-2017-16338', 'CVE-2017-16339', 'CVE-2017-16340', 'CVE-2017-16341', 'CVE-2017-16342', 'CVE-2017-16343', 'CVE-2017-16344', 'CVE-2017-16345', 'CVE-2017-16346', 'CVE-2017-16347', 'CVE-2017-17785', 'CVE-2017-17789', 'CVE-2017-2630', 'CVE-2017-2634', 'CVE-2017-2780', 'CVE-2017-2781', 'CVE-2017-2830', 'CVE-2017-2831', 'CVE-2017-2840', 'CVE-2017-2851', 'CVE-2017-2853', 'CVE-2017-2854', 'CVE-2017-2855', 'CVE-2017-2856', 'CVE-2017-2857', 'CVE-2017-2862', 'CVE-2017-2867', 'CVE-2017-2868', 'CVE-2017-2869', 'CVE-2017-2875', 'CVE-2017-2876', 'CVE-2017-2878', 'CVE-2017-2879', 'CVE-2017-2885', 'CVE-2017-2894', 'CVE-2017-2919', 'CVE-2017-2923', 'CVE-2017-2924', 'CVE-2017-2925', 'CVE-2017-2926', 'CVE-2017-2927', 'CVE-2017-2928', 'CVE-2017-2930', 'CVE-2017-2931', 'CVE-2017-2933', 'CVE-2017-2934', 'CVE-2017-2935', 'CVE-2017-2984', 'CVE-2017-2986', 'CVE-2017-2988', 'CVE-2017-2990', 'CVE-2017-2991', 'CVE-2017-2992', 'CVE-2017-2996', 'CVE-2017-2998', 'CVE-2017-2999', 'CVE-2017-3068', 'CVE-2017-3069', 'CVE-2017-3070', 'CVE-2017-3072', 'CVE-2017-3074', 'CVE-2017-3099', 'CVE-2017-3100', 'CVE-2017-4933', 'CVE-2017-5005', 'CVE-2017-5030', 'CVE-2017-5044', 'CVE-2017-5054', 'CVE-2017-5095', 'CVE-2017-5113', 'CVE-2017-6060', 'CVE-2017-6862', 'CVE-2017-6891', 'CVE-2017-7269', 'CVE-2017-7308', 'CVE-2017-8067', 'CVE-2017-8540', 'CVE-2017-8774', 'CVE-2017-8775', 'CVE-2018-1000117', 'CVE-2018-10872', 'CVE-2018-10881', 'CVE-2018-10932', 'CVE-2018-12584', 'CVE-2018-14652', 'CVE-2018-15688', 'CVE-2018-20033', 'CVE-2018-3863', 'CVE-2018-3864', 'CVE-2018-3865', 'CVE-2018-3866', 'CVE-2018-3876', 'CVE-2018-3892', 'CVE-2018-3893', 'CVE-2018-3894', 'CVE-2018-3895', 'CVE-2018-3896', 'CVE-2018-3897', 'CVE-2018-3898', 'CVE-2018-3899', 'CVE-2018-3902', 'CVE-2018-3903', 'CVE-2018-3904', 'CVE-2018-3912', 'CVE-2018-6789', 'CVE-2018-7238', 'CVE-2018-8273', 'CVE-2019-10126', 'CVE-2019-10131', 'CVE-2019-10192', 'CVE-2019-10193', 'CVE-2019-10954', 'CVE-2019-10974', 'CVE-2019-11933', 'CVE-2019-15166', 'CVE-2019-15992', 'CVE-2019-4014', 'CVE-2019-4015', 'CVE-2019-4016', 'CVE-2019-6454', 'CVE-2019-6557', 'CVE-2019-9135', 'CVE-2019-9136', 'CVE-2020-10060', 'CVE-2020-10061', 'CVE-2020-11284', 'CVE-2020-12031', 'CVE-2020-12038', 'CVE-2020-15158', 'CVE-2020-15173', 'CVE-2020-15195', 'CVE-2020-15196', 'CVE-2020-15205', 'CVE-2020-15207', 'CVE-2020-15254', 'CVE-2020-1653', 'CVE-2020-19491', 'CVE-2020-20215', 'CVE-2020-20218', 'CVE-2020-20227', 'CVE-2020-20236', 'CVE-2020-20237', 'CVE-2020-20245', 'CVE-2020-20246', 'CVE-2020-20247', 'CVE-2020-20249', 'CVE-2020-20267', 'CVE-2020-24412', 'CVE-2020-24413', 'CVE-2020-24414', 'CVE-2020-24415', 'CVE-2020-25597', 'CVE-2020-27000', 'CVE-2020-27006', 'CVE-2020-27194', 'CVE-2020-27907', 'CVE-2020-27914', 'CVE-2020-27915', 'CVE-2020-27931', 'CVE-2020-27933', 'CVE-2020-27943', 'CVE-2020-27944', 'CVE-2020-27947', 'CVE-2020-28022', 'CVE-2020-28024', 'CVE-2020-29616', 'CVE-2020-29624', 'CVE-2020-3194', 'CVE-2020-3198', 'CVE-2020-3269', 'CVE-2020-3283', 'CVE-2020-3286', 'CVE-2020-3287', 'CVE-2020-3288', 'CVE-2020-3289', 'CVE-2020-3290', 'CVE-2020-3291', 'CVE-2020-3292', 'CVE-2020-3293', 'CVE-2020-3294', 'CVE-2020-3295', 'CVE-2020-3296', 'CVE-2020-3323', 'CVE-2020-3375', 'CVE-2020-3451', 'CVE-2020-3453', 'CVE-2020-3470', 'CVE-2020-3545', 'CVE-2020-3573', 'CVE-2020-3603', 'CVE-2020-3604', 'CVE-2020-36317', 'CVE-2020-6388', 'CVE-2020-8174', 'CVE-2020-9728', 'CVE-2020-9729', 'CVE-2020-9730', 'CVE-2020-9731', 'CVE-2020-9967', 'CVE-2021-0217', 'CVE-2021-0242', 'CVE-2021-0338', 'CVE-2021-0607', 'CVE-2021-1094', 'CVE-2021-1137', 'CVE-2021-1251', 'CVE-2021-1274', 'CVE-2021-1278', 'CVE-2021-1279', 'CVE-2021-1301', 'CVE-2021-1308', 'CVE-2021-1309', 'CVE-2021-1402', 'CVE-2021-1459', 'CVE-2021-1472', 'CVE-2021-1473', 'CVE-2021-1480', 'CVE-2021-1760', 'CVE-2021-1767', 'CVE-2021-1844', 'CVE-2021-1890', 'CVE-2021-20275', 'CVE-2021-20285', 'CVE-2021-20294', 'CVE-2021-21165', 'CVE-2021-21169', 'CVE-2021-21220', 'CVE-2021-21225', 'CVE-2021-21557', 'CVE-2021-22335', 'CVE-2021-22348', 'CVE-2021-22350', 'CVE-2021-22353', 'CVE-2021-23964', 'CVE-2021-23965', 'CVE-2021-23979', 'CVE-2021-23981', 'CVE-2021-23983', 'CVE-2021-23987', 'CVE-2021-23988', 'CVE-2021-25660', 'CVE-2021-26411', 'CVE-2021-26419', 'CVE-2021-27028', 'CVE-2021-27242', 'CVE-2021-27271', 'CVE-2021-27386', 'CVE-2021-27397', 'CVE-2021-27477', 'CVE-2021-28033', 'CVE-2021-28452', 'CVE-2021-28689', 'CVE-2021-28876', 'CVE-2021-29576', 'CVE-2021-29947', 'CVE-2021-29966', 'CVE-2021-29967', 'CVE-2021-30472', 'CVE-2021-30498', 'CVE-2021-31256', 'CVE-2021-31493', 'CVE-2021-31495', 'CVE-2021-33004', 'CVE-2021-3404', 'CVE-2021-3410', 'CVE-2021-34306', 'CVE-2021-34379', 'CVE-2021-3482', 'CVE-2021-3498', 'CVE-2021-3549', 'CVE-2021-3569', 'CVE-2021-3570', 'CVE-2021-3571', 'CVE-2021-3612']"
1,CWE-20,"['CVE-2005-4360', 'CVE-2008-1440', 'CVE-2008-2374', 'CVE-2008-2951', 'CVE-2008-3597', 'CVE-2008-4636', 'CVE-2008-6123', 'CVE-2009-0846', 'CVE-2009-1185', 'CVE-2009-1243', 'CVE-2009-1936', 'CVE-2009-2408', 'CVE-2009-3620', 'CVE-2009-3832', 'CVE-2009-4272', 'CVE-2009-4831', 'CVE-2010-1292', 'CVE-2010-1871', 'CVE-2010-2076', 'CVE-2010-3904', 'CVE-2011-0199', 'CVE-2011-1995', 'CVE-2011-1998', 'CVE-2011-3389', 'CVE-2012-3446', 'CVE-2012-3489', 'CVE-2012-5639', 'CVE-2012-5817', 'CVE-2012-5819', 'CVE-2012-5822', 'CVE-2012-5824', 'CVE-2013-0881', 'CVE-2013-0883', 'CVE-2013-1465', 'CVE-2013-2251', 'CVE-2014-1266', 'CVE-2014-1731', 'CVE-2014-2590', 'CVE-2014-3393', 'CVE-2015-1241', 'CVE-2015-3414', 'CVE-2015-3415', 'CVE-2015-5211', 'CVE-2016-3088', 'CVE-2016-3627', 'CVE-2016-3718', 'CVE-2016-8611', 'CVE-2017-1000082', 'CVE-2017-11357', 'CVE-2017-12171', 'CVE-2017-13715', 'CVE-2017-15103', 'CVE-2017-15124', 'CVE-2017-2837', 'CVE-2017-2838', 'CVE-2017-4015', 'CVE-2017-5060', 'CVE-2017-5066', 'CVE-2017-5638', 'CVE-2017-5697', 'CVE-2017-7440', 'CVE-2017-7539', 'CVE-2017-7668', 'CVE-2017-8923', 'CVE-2017-9217', 'CVE-2017-9998', 'CVE-2018-10874', 'CVE-2018-1273', 'CVE-2018-14654', 'CVE-2018-15573', 'CVE-2018-16276', 'CVE-2018-16888', 'CVE-2018-16889', 'CVE-2018-4026', 'CVE-2019-0006', 'CVE-2019-10135', 'CVE-2019-10149', 'CVE-2019-10199', 'CVE-2019-10206', 'CVE-2019-10210', 'CVE-2019-10245', 'CVE-2019-10358', 'CVE-2019-10362', 'CVE-2019-10916', 'CVE-2019-10917', 'CVE-2019-12802', 'CVE-2019-16779', 'CVE-2019-17146', 'CVE-2019-17322', 'CVE-2019-19278', 'CVE-2019-3552', 'CVE-2019-3558', 'CVE-2019-3559', 'CVE-2019-3564', 'CVE-2019-3565', 'CVE-2019-3737', 'CVE-2019-3801', 'CVE-2019-3804', 'CVE-2019-3810', 'CVE-2019-3847', 'CVE-2019-3887', 'CVE-2019-3913', 'CVE-2019-3976', 'CVE-2019-5163', 'CVE-2019-5420', 'CVE-2019-5432', 'CVE-2019-5451', 'CVE-2019-9535', 'CVE-2020-0088', 'CVE-2020-0646', 'CVE-2020-10108', 'CVE-2020-10289', 'CVE-2020-11210', 'CVE-2020-11236', 'CVE-2020-12391', 'CVE-2020-13776', 'CVE-2020-15109', 'CVE-2020-15112', 'CVE-2020-15180', 'CVE-2020-15184', 'CVE-2020-15186', 'CVE-2020-15191', 'CVE-2020-15200', 'CVE-2020-15201', 'CVE-2020-15203', 'CVE-2020-15210', 'CVE-2020-15228', 'CVE-2020-15234', 'CVE-2020-1677', 'CVE-2020-19275', 'CVE-2020-20907', 'CVE-2020-23766', 'CVE-2020-24349', 'CVE-2020-24985', 'CVE-2020-27833', 'CVE-2020-28905', 'CVE-2020-29075', 'CVE-2020-3188', 'CVE-2020-3205', 'CVE-2020-3257', 'CVE-2020-3452', 'CVE-2020-3471', 'CVE-2020-3477', 'CVE-2020-3537', 'CVE-2020-36315', 'CVE-2020-5324', 'CVE-2020-6238', 'CVE-2020-7452', 'CVE-2020-7693', 'CVE-2020-7823', 'CVE-2020-7870', 'CVE-2020-8195', 'CVE-2021-0551', 'CVE-2021-0594', 'CVE-2021-1058', 'CVE-2021-1062', 'CVE-2021-1081', 'CVE-2021-1082', 'CVE-2021-1083', 'CVE-2021-1138', 'CVE-2021-1139', 'CVE-2021-1140', 'CVE-2021-1141', 'CVE-2021-1221', 'CVE-2021-1252', 'CVE-2021-1305', 'CVE-2021-1383', 'CVE-2021-1404', 'CVE-2021-1448', 'CVE-2021-1617', 'CVE-2021-1618', 'CVE-2021-1892', 'CVE-2021-20195', 'CVE-2021-20222', 'CVE-2021-20268', 'CVE-2021-21220', 'CVE-2021-21372', 'CVE-2021-21605', 'CVE-2021-21999', 'CVE-2021-22205', 'CVE-2021-22345', 'CVE-2021-22678', 'CVE-2021-23359', 'CVE-2021-23399', 'CVE-2021-2390', 'CVE-2021-23937', 'CVE-2021-24023', 'CVE-2021-24209', 'CVE-2021-25384', 'CVE-2021-25682', 'CVE-2021-26814', 'CVE-2021-27230', 'CVE-2021-27597', 'CVE-2021-27606', 'CVE-2021-27607', 'CVE-2021-27620', 'CVE-2021-27622', 'CVE-2021-27623', 'CVE-2021-27624', 'CVE-2021-27625', 'CVE-2021-27626', 'CVE-2021-27627', 'CVE-2021-27628', 'CVE-2021-27629', 'CVE-2021-27630', 'CVE-2021-27631', 'CVE-2021-27632', 'CVE-2021-27633', 'CVE-2021-27634', 'CVE-2021-28150', 'CVE-2021-28170', 'CVE-2021-28918', 'CVE-2021-29430', 'CVE-2021-29462', 'CVE-2021-3027', 'CVE-2021-30501', 'CVE-2021-30540', 'CVE-2021-31808', 'CVE-2021-31933', 'CVE-2021-32642', 'CVE-2021-33668', 'CVE-2021-34427', 'CVE-2021-34539', 'CVE-2021-3482', 'CVE-2021-3485', 'CVE-2021-3524', 'CVE-2021-3531', 'CVE-2021-3612', 'CVE-2021-36716']"
2,CWE-200,"['CVE-2001-1387', 'CVE-2005-4868', 'CVE-2007-5778', 'CVE-2008-0662', 'CVE-2008-1567', 'CVE-2008-3289', 'CVE-2008-4390', 'CVE-2009-1699', 'CVE-2011-1258', 'CVE-2011-1943', 'CVE-2011-1960', 'CVE-2011-1962', 'CVE-2011-1992', 'CVE-2011-4107', 'CVE-2012-0012', 'CVE-2012-0037', 'CVE-2012-3037', 'CVE-2012-4712', 'CVE-2012-6497', 'CVE-2013-0632', 'CVE-2013-1824', 'CVE-2015-3962', 'CVE-2015-5013', 'CVE-2015-5165', 'CVE-2015-5955', 'CVE-2016-0875', 'CVE-2016-0876', 'CVE-2016-0879', 'CVE-2016-10003', 'CVE-2016-2178', 'CVE-2016-4178', 'CVE-2016-4232', 'CVE-2016-8637', 'CVE-2016-9360', 'CVE-2017-0022', 'CVE-2017-0894', 'CVE-2017-10379', 'CVE-2017-15085', 'CVE-2017-15104', 'CVE-2017-15897', 'CVE-2017-17087', 'CVE-2017-2622', 'CVE-2017-3085', 'CVE-2017-4905', 'CVE-2017-5102', 'CVE-2017-5103', 'CVE-2017-5107', 'CVE-2017-8529', 'CVE-2017-9735', 'CVE-2018-10913', 'CVE-2018-10927', 'CVE-2018-1118', 'CVE-2018-16889', 'CVE-2018-20237', 'CVE-2018-2028', 'CVE-2018-21247', 'CVE-2018-6880', 'CVE-2018-6910', 'CVE-2018-7227', 'CVE-2018-7479', 'CVE-2019-10365', 'CVE-2019-10405', 'CVE-2019-10911', 'CVE-2019-11857', 'CVE-2019-13420', 'CVE-2019-13511', 'CVE-2019-13523', 'CVE-2019-14885', 'CVE-2019-15576', 'CVE-2019-15577', 'CVE-2019-1573', 'CVE-2019-16782', 'CVE-2019-18332', 'CVE-2019-18823', 'CVE-2019-18947', 'CVE-2019-3399', 'CVE-2019-3401', 'CVE-2019-3569', 'CVE-2019-3733', 'CVE-2019-3740', 'CVE-2019-3816', 'CVE-2019-3848', 'CVE-2019-3886', 'CVE-2019-4471', 'CVE-2019-4722', 'CVE-2019-7192', 'CVE-2019-7305', 'CVE-2019-7481', 'CVE-2019-8283', 'CVE-2019-9494', 'CVE-2019-9541', 'CVE-2020-10264', 'CVE-2020-10274', 'CVE-2020-10291', 'CVE-2020-10732', 'CVE-2020-10782', 'CVE-2020-10972', 'CVE-2020-11009', 'CVE-2020-11028', 'CVE-2020-11547', 'CVE-2020-11946', 'CVE-2020-12112', 'CVE-2020-12494', 'CVE-2020-13179', 'CVE-2020-14370', 'CVE-2020-15080', 'CVE-2020-15250', 'CVE-2020-15704', 'CVE-2020-15794', 'CVE-2020-15942', 'CVE-2020-1698', 'CVE-2020-1740', 'CVE-2020-1744', 'CVE-2020-1902', 'CVE-2020-1926', 'CVE-2020-1987', 'CVE-2020-20470', 'CVE-2020-21997', 'CVE-2020-22176', 'CVE-2020-23995', 'CVE-2020-25578', 'CVE-2020-25579', 'CVE-2020-25662', 'CVE-2020-28973', 'CVE-2020-3360', 'CVE-2020-3391', 'CVE-2020-3411', 'CVE-2020-3472', 'CVE-2020-35518', 'CVE-2020-36289', 'CVE-2020-36319', 'CVE-2020-5301', 'CVE-2020-7322', 'CVE-2020-8151', 'CVE-2020-8481', 'CVE-2020-9733', 'CVE-2021-0204', 'CVE-2021-0212', 'CVE-2021-0321', 'CVE-2021-0403', 'CVE-2021-0404', 'CVE-2021-0518', 'CVE-2021-1562', 'CVE-2021-1725', 'CVE-2021-20019', 'CVE-2021-20067', 'CVE-2021-20092', 'CVE-2021-20114', 'CVE-2021-20239', 'CVE-2021-20281', 'CVE-2021-20409', 'CVE-2021-20564', 'CVE-2021-21137', 'CVE-2021-21217', 'CVE-2021-21219', 'CVE-2021-21421', 'CVE-2021-21590', 'CVE-2021-21591', 'CVE-2021-21722', 'CVE-2021-22134', 'CVE-2021-22137', 'CVE-2021-22169', 'CVE-2021-22184', 'CVE-2021-22233', 'CVE-2021-22892', 'CVE-2021-23386', 'CVE-2021-2401', 'CVE-2021-24084', 'CVE-2021-24122', 'CVE-2021-24163', 'CVE-2021-24164', 'CVE-2021-25364', 'CVE-2021-25809', 'CVE-2021-27434', 'CVE-2021-27583', 'CVE-2021-28323', 'CVE-2021-29043', 'CVE-2021-29247', 'CVE-2021-29248', 'CVE-2021-30168', 'CVE-2021-30169', 'CVE-2021-3031', 'CVE-2021-30638', 'CVE-2021-3113', 'CVE-2021-31174', 'CVE-2021-31178', 'CVE-2021-31546', 'CVE-2021-3167', 'CVE-2021-31918', 'CVE-2021-32453', 'CVE-2021-32658', 'CVE-2021-32712', 'CVE-2021-32716', 'CVE-2021-32717', 'CVE-2021-32750', 'CVE-2021-32817', 'CVE-2021-32820', 'CVE-2021-32925', 'CVE-2021-33038', 'CVE-2021-33838', 'CVE-2021-3426', 'CVE-2021-3565']"
3,CWE-269,"['CVE-2017-2662', 'CVE-2019-14819', 'CVE-2019-18823', 'CVE-2019-19345', 'CVE-2019-19351', 'CVE-2019-19354', 'CVE-2019-19355', 'CVE-2019-5644', 'CVE-2020-0417', 'CVE-2020-0787', 'CVE-2020-10138', 'CVE-2020-10139', 'CVE-2020-10143', 'CVE-2020-10699', 'CVE-2020-11033', 'CVE-2020-11469', 'CVE-2020-11492', 'CVE-2020-11967', 'CVE-2020-13173', 'CVE-2020-13534', 'CVE-2020-14306', 'CVE-2020-14389', 'CVE-2020-15149', 'CVE-2020-15360', 'CVE-2020-15397', 'CVE-2020-15663', 'CVE-2020-16122', 'CVE-2020-1704', 'CVE-2020-1705', 'CVE-2020-1706', 'CVE-2020-1707', 'CVE-2020-1708', 'CVE-2020-1709', 'CVE-2020-1742', 'CVE-2020-19111', 'CVE-2020-2228', 'CVE-2020-23426', 'CVE-2020-25582', 'CVE-2020-25699', 'CVE-2020-25711', 'CVE-2020-27134', 'CVE-2020-27266', 'CVE-2020-27268', 'CVE-2020-27339', 'CVE-2020-27362', 'CVE-2020-3214', 'CVE-2020-3215', 'CVE-2020-3393', 'CVE-2020-3426', 'CVE-2020-3475', 'CVE-2020-3564', 'CVE-2020-35757', 'CVE-2020-3595', 'CVE-2020-3600', 'CVE-2020-36126', 'CVE-2020-4981', 'CVE-2020-7346', 'CVE-2020-9452', 'CVE-2021-0304', 'CVE-2021-0317', 'CVE-2021-0328', 'CVE-2021-0336', 'CVE-2021-0345', 'CVE-2021-0372', 'CVE-2021-0376', 'CVE-2021-0385', 'CVE-2021-0388', 'CVE-2021-0433', 'CVE-2021-0438', 'CVE-2021-0446', 'CVE-2021-0468', 'CVE-2021-0472', 'CVE-2021-0477', 'CVE-2021-0481', 'CVE-2021-0485', 'CVE-2021-0487', 'CVE-2021-0491', 'CVE-2021-0513', 'CVE-2021-0553', 'CVE-2021-0594', 'CVE-2021-0602', 'CVE-2021-1092', 'CVE-2021-1401', 'CVE-2021-1505', 'CVE-2021-1661', 'CVE-2021-1732', 'CVE-2021-1782', 'CVE-2021-20072', 'CVE-2021-20695', 'CVE-2021-21117', 'CVE-2021-21428', 'CVE-2021-21430', 'CVE-2021-21502', 'CVE-2021-21972', 'CVE-2021-22000', 'CVE-2021-22118', 'CVE-2021-22159', 'CVE-2021-22716', 'CVE-2021-22877', 'CVE-2021-23275', 'CVE-2021-23873', 'CVE-2021-23874', 'CVE-2021-23879', 'CVE-2021-23999', 'CVE-2021-24184', 'CVE-2021-24354', 'CVE-2021-25167', 'CVE-2021-25250', 'CVE-2021-25253', 'CVE-2021-25309', 'CVE-2021-25357', 'CVE-2021-25365', 'CVE-2021-26415', 'CVE-2021-26708', 'CVE-2021-26862', 'CVE-2021-26866', 'CVE-2021-26868', 'CVE-2021-26873', 'CVE-2021-26887', 'CVE-2021-26889', 'CVE-2021-26900', 'CVE-2021-26909', 'CVE-2021-27070', 'CVE-2021-27086', 'CVE-2021-27216', 'CVE-2021-27483', 'CVE-2021-27522', 'CVE-2021-27851', 'CVE-2021-28249', 'CVE-2021-28269', 'CVE-2021-28310', 'CVE-2021-28321', 'CVE-2021-28375', 'CVE-2021-28664', 'CVE-2021-29449', 'CVE-2021-29452', 'CVE-2021-30462', 'CVE-2021-31155', 'CVE-2021-31165', 'CVE-2021-31167', 'CVE-2021-31170', 'CVE-2021-31187', 'CVE-2021-31188', 'CVE-2021-3162', 'CVE-2021-31771', 'CVE-2021-31859', 'CVE-2021-31956', 'CVE-2021-31958', 'CVE-2021-31979', 'CVE-2021-32457', 'CVE-2021-32739', 'CVE-2021-33026', 'CVE-2021-33527', 'CVE-2021-33771', 'CVE-2021-34462', 'CVE-2021-34498', 'CVE-2021-34510', 'CVE-2021-34513', 'CVE-2021-34516', 'CVE-2021-34523', 'CVE-2021-34621', 'CVE-2021-3493']"
4,CWE-284,"['CVE-2015-0535', 'CVE-2015-3152', 'CVE-2016-0767', 'CVE-2016-2119', 'CVE-2016-2192', 'CVE-2016-4514', 'CVE-2016-5334', 'CVE-2016-5385', 'CVE-2016-5787', 'CVE-2016-6797', 'CVE-2018-7847', 'CVE-2020-25238', 'CVE-2020-25629', 'CVE-2020-25634', 'CVE-2020-27831', 'CVE-2021-1231', 'CVE-2021-21399', 'CVE-2021-24146', 'CVE-2021-24215', 'CVE-2021-24219', 'CVE-2021-24238', 'CVE-2021-24318', 'CVE-2021-24352', 'CVE-2021-24353', 'CVE-2021-24355', 'CVE-2021-24356', 'CVE-2021-24359', 'CVE-2021-24473', 'CVE-2021-28798']"
5,CWE-285,"['CVE-2016-4029', 'CVE-2018-13382', 'CVE-2018-20826', 'CVE-2019-14870', 'CVE-2019-3842', 'CVE-2020-15084', 'CVE-2020-24402', 'CVE-2021-21022', 'CVE-2021-21362', 'CVE-2021-32619', 'CVE-2021-32620', 'CVE-2021-35964']"
6,CWE-287,"['CVE-2007-4188', 'CVE-2007-6013', 'CVE-2008-0087', 'CVE-2008-0961', 'CVE-2008-1672', 'CVE-2008-2369', 'CVE-2008-2433', 'CVE-2008-5784', 'CVE-2008-7109', 'CVE-2009-0265', 'CVE-2009-1048', 'CVE-2009-3168', 'CVE-2012-4245', 'CVE-2014-4872', 'CVE-2017-7562', 'CVE-2018-14643', 'CVE-2019-19104', 'CVE-2019-3884', 'CVE-2020-10126', 'CVE-2020-10135', 'CVE-2020-11012', 'CVE-2020-12505', 'CVE-2020-12506', 'CVE-2020-12812', 'CVE-2020-13963', 'CVE-2020-14494', 'CVE-2020-15078', 'CVE-2020-15136', 'CVE-2020-15164', 'CVE-2020-15222', 'CVE-2020-15243', 'CVE-2020-16098', 'CVE-2020-16102', 'CVE-2020-1675', 'CVE-2020-19419', 'CVE-2020-21934', 'CVE-2020-22001', 'CVE-2020-25218', 'CVE-2020-35758', 'CVE-2020-36125', 'CVE-2020-3952', 'CVE-2020-4670', 'CVE-2021-0570', 'CVE-2021-0571', 'CVE-2021-0572', 'CVE-2021-1543', 'CVE-2021-20107', 'CVE-2021-21125', 'CVE-2021-21126', 'CVE-2021-21131', 'CVE-2021-21141', 'CVE-2021-21177', 'CVE-2021-21986', 'CVE-2021-22858', 'CVE-2021-22893', 'CVE-2021-22997', 'CVE-2021-26697', 'CVE-2021-26923', 'CVE-2021-27215', 'CVE-2021-28122', 'CVE-2021-28124', 'CVE-2021-28148', 'CVE-2021-28958', 'CVE-2021-29203', 'CVE-2021-30640', 'CVE-2021-32033', 'CVE-2021-32729', 'CVE-2021-32738', 'CVE-2021-33842', 'CVE-2021-34166', 'CVE-2021-3547', 'CVE-2021-35941', 'CVE-2021-35973', 'CVE-2021-36124', 'CVE-2021-36128']"
7,CWE-311,"['CVE-2018-1882', 'CVE-2019-18254', 'CVE-2020-10124', 'CVE-2020-10267', 'CVE-2020-10273', 'CVE-2020-10281', 'CVE-2020-12032', 'CVE-2020-12730', 'CVE-2020-12801', 'CVE-2020-24396', 'CVE-2021-23211', 'CVE-2021-26100', 'CVE-2021-34825']"
8,CWE-330,['CVE-2021-27378']
9,CWE-345,"['CVE-2019-10943', 'CVE-2019-1667', 'CVE-2021-1403', 'CVE-2021-21231']"
10,CWE-400,"['CVE-2016-10707', 'CVE-2017-0886', 'CVE-2017-16021', 'CVE-2019-16215', 'CVE-2019-19343', 'CVE-2020-10641', 'CVE-2020-10717', 'CVE-2020-10781', 'CVE-2020-12655', 'CVE-2020-14307', 'CVE-2020-14378', 'CVE-2020-15100', 'CVE-2020-15101', 'CVE-2020-15114', 'CVE-2020-1600', 'CVE-2020-1625', 'CVE-2020-1730', 'CVE-2020-20213', 'CVE-2020-25644', 'CVE-2020-25689', 'CVE-2020-25704', 'CVE-2020-3189', 'CVE-2020-3195', 'CVE-2020-3203', 'CVE-2020-3505', 'CVE-2020-3543', 'CVE-2020-3566', 'CVE-2020-3569', 'CVE-2020-3572', 'CVE-2020-5243', 'CVE-2020-6867', 'CVE-2020-8229', 'CVE-2021-0202', 'CVE-2021-0230', 'CVE-2021-0257', 'CVE-2021-1066', 'CVE-2021-1563', 'CVE-2021-1564', 'CVE-2021-20185', 'CVE-2021-20216', 'CVE-2021-20234', 'CVE-2021-20237', 'CVE-2021-20265', 'CVE-2021-21235', 'CVE-2021-21274', 'CVE-2021-21285', 'CVE-2021-21293', 'CVE-2021-21294', 'CVE-2021-21317', 'CVE-2021-21375', 'CVE-2021-22174', 'CVE-2021-22553', 'CVE-2021-22883', 'CVE-2021-22906', 'CVE-2021-25174', 'CVE-2021-26945', 'CVE-2021-27385', 'CVE-2021-27617', 'CVE-2021-27921', 'CVE-2021-27922', 'CVE-2021-27923', 'CVE-2021-28039', 'CVE-2021-28165', 'CVE-2021-28651', 'CVE-2021-28665', 'CVE-2021-28971', 'CVE-2021-28994', 'CVE-2021-29430', 'CVE-2021-29453', 'CVE-2021-29471', 'CVE-2021-29932', 'CVE-2021-30468', 'CVE-2021-3181', 'CVE-2021-32699', 'CVE-2021-33840', 'CVE-2021-35041']"
11,CWE-610,['CVE-2019-14905']
12,CWE-665,"['CVE-2021-29610', 'CVE-2021-29613', 'CVE-2021-29614', 'CVE-2021-3565']"
13,CWE-668,"['CVE-2019-11784', 'CVE-2019-11785', 'CVE-2020-10685', 'CVE-2020-10744', 'CVE-2020-1733', 'CVE-2020-9381', 'CVE-2021-0232', 'CVE-2021-0466', 'CVE-2021-0552', 'CVE-2021-20416', 'CVE-2021-21382', 'CVE-2021-23135', 'CVE-2021-23391', 'CVE-2021-24374', 'CVE-2021-26027', 'CVE-2021-26313', 'CVE-2021-26314', 'CVE-2021-27043', 'CVE-2021-27375', 'CVE-2021-29958', 'CVE-2021-30190', 'CVE-2021-31412', 'CVE-2021-31547', 'CVE-2021-31548', 'CVE-2021-31552', 'CVE-2021-31554', 'CVE-2021-32726', 'CVE-2021-32731', 'CVE-2021-32760', 'CVE-2021-34075', 'CVE-2021-35197', 'CVE-2021-35211', 'CVE-2021-35299', 'CVE-2021-35958']"
14,CWE-682,['CVE-2017-2618']
15,CWE-693,['CVE-2020-28396']
16,CWE-697,"['CVE-2020-1741', 'CVE-2020-28200']"
17,CWE-74,"['CVE-2014-4982', 'CVE-2016-10524', 'CVE-2018-3963', 'CVE-2019-16011', 'CVE-2019-17101', 'CVE-2019-17661', 'CVE-2019-19919', 'CVE-2019-4186', 'CVE-2019-8341', 'CVE-2020-11060', 'CVE-2020-11073', 'CVE-2020-15143', 'CVE-2020-15146', 'CVE-2020-15227', 'CVE-2020-15238', 'CVE-2020-15255', 'CVE-2020-26140', 'CVE-2020-27211', 'CVE-2020-5247', 'CVE-2020-8186', 'CVE-2020-8644', 'CVE-2020-9743', 'CVE-2021-21244', 'CVE-2021-21248', 'CVE-2021-21249', 'CVE-2021-21263', 'CVE-2021-21277', 'CVE-2021-21305', 'CVE-2021-21313', 'CVE-2021-21333', 'CVE-2021-21372', 'CVE-2021-22204', 'CVE-2021-24144', 'CVE-2021-26543', 'CVE-2021-27185', 'CVE-2021-27611', 'CVE-2021-29501', 'CVE-2021-29502', 'CVE-2021-32647', 'CVE-2021-32756']"
18,CWE-755,"['CVE-2019-5163', 'CVE-2019-6575', 'CVE-2020-10292', 'CVE-2020-14304', 'CVE-2020-15117', 'CVE-2020-15223', 'CVE-2020-15566', 'CVE-2020-1681', 'CVE-2020-5802', 'CVE-2021-20588', 'CVE-2021-34549']"
19,CWE-788,"['CVE-2021-21046', 'CVE-2021-21048', 'CVE-2021-21058', 'CVE-2021-21059', 'CVE-2021-21062', 'CVE-2021-21063', 'CVE-2021-21071', 'CVE-2021-21082', 'CVE-2021-21092', 'CVE-2021-21093']"
20,CWE-834,"['CVE-2021-31812', 'CVE-2021-35515']"
